Plate,Date Collected,In_treatment,Out_treatment,Pond,Clone,Replicate,Well,Hatch1,Hatch1HD,Hatch2,Hatch2HD,Hatch3,Hatch3HD,Hatch4,Hatch4H,Temp,Dried,Light,DriedLater,Early,Late,Leftover_eggs
040524A,4/3/24,5/4/24,6/1/24,P19,50,R1,A1,,,,,,,,,Cold,Wet,Dark,,,,
040524A,4/3/24,5/4/24,6/1/24,P19,50,R1,A2,,,,,,,,,Cold,Wet,Dark,,,,
040524A,4/3/24,5/4/24,6/1/24,P19,50,R1,A3,6/14,HD,,,,,,,Cold,Wet,Dark,,,,
040524A,4/3/24,5/4/24,6/1/24,P19,50,R1,A4,6/7,HD,,,,,,,Cold,Wet,Dark,,,,
040524A,4/3/24,5/4/24,6/1/24,P19,50,R1,A5,,,,,,,,,Cold,Wet,Dark,,,,
040524A,4/3/24,5/4/24,6/1/24,P19,50,R1,A6,6/7,HD,,,,,,,Cold,Wet,Dark,,,,
040524A,4/3/24,5/4/24,6/1/24,P19,50,R1,A7,4/17,HDE,6/14,HD,,,,,Cold,Wet,Dark,,,,
040524A,4/3/24,5/4/24,6/1/24,P19,50,R1,A8,,,,,,,,,Cold,Wet,Dark,,,,
040524A,4/3/24,5/4/24,6/1/24,P19,50,R1,A9,4/17,HDE,6/14,HD,,,,,Cold,Wet,Dark,,,,
040524A,4/3/24,5/4/24,6/1/24,P19,50,R1,A10,,,,,,,,,Cold,Wet,Dark,,,,
040524A,4/3/24,5/4/24,6/1/24,P19,50,R1,A11,6/7,HD,6/14,HD,,,,,Cold,Wet,Dark,,,,
040524A,4/3/24,5/4/24,6/1/24,P19,50,R1,A12,6/7,HD,,,,,,,Cold,Wet,Dark,,,,
040524A,4/3/24,5/4/24,6/1/24,P19,50,R1,B1,,,,,,,,,Cold,Wet,Dark,,,,
040524A,4/3/24,5/4/24,6/1/24,P19,50,R1,B2,,,,,,,,,Cold,Wet,Dark,,,,
040524A,4/3/24,5/4/24,6/1/24,P19,50,R1,B3,6/14,HD,,,,,,,Cold,Wet,Dark,,,,
040524A,4/3/24,5/4/24,6/1/24,P19,50,R1,B4,6/7,HD,,,,,,,Cold,Wet,Dark,,,,
040524A,4/3/24,5/4/24,6/1/24,P19,50,R1,B5,,,,,,,,,Cold,Wet,Dark,,,,
040524A,4/3/24,5/4/24,6/1/24,P19,50,R1,B6,,,,,,,,,Cold,Wet,Dark,,,,
040524A,4/3/24,5/4/24,6/1/24,P19,50,R1,B7,6/7,HD,,,,,,,Cold,Wet,Dark,,,,
040524A,4/3/24,5/4/24,6/1/24,P19,50,R1,B8,6/7,H,,,,,,,Cold,Wet,Dark,,,,
040524A,4/3/24,5/4/24,6/1/24,P19,50,R1,B9,,,,,,,,,Cold,Wet,Dark,,,,
040524A,4/3/24,5/4/24,6/1/24,P19,50,R1,B10,,,,,,,,,Cold,Wet,Dark,,,,
040524A,4/3/24,5/4/24,6/1/24,P19,50,R1,B11,6/7,HD,,,,,,,Cold,Wet,Dark,,,,
040524A,4/3/24,5/4/24,6/1/24,P19,50,R1,B12,,,,,,,,,Cold,Wet,Dark,,,,
040524A,4/3/24,5/4/24,6/1/24,P19,50,R1,C1,,,,,,,,,Cold,Wet,Dark,,,,
040524A,4/3/24,5/4/24,6/1/24,P19,50,R1,C2,6/7,HD,6/14,HD,,,,,Cold,Wet,Dark,,,,
040524A,4/3/24,5/4/24,6/1/24,P19,50,R1,C3,6/7,HD,,,,,,,Cold,Wet,Dark,,,,
040524A,4/3/24,5/4/24,6/1/24,P19,50,R1,C4,6/14,HD,,,,,,,Cold,Wet,Dark,,,,
040524A,4/3/24,5/4/24,6/1/24,P19,50,R1,C5,,,,,,,,,Cold,Wet,Dark,,,,
040524A,4/3/24,5/4/24,6/1/24,P19,50,R1,C6,6/14,D,,,,,,,Cold,Wet,Dark,,,,
040524A,4/3/24,5/4/24,6/1/24,P19,50,R1,C7,6/7,D,,,,,,,Cold,Wet,Dark,,,,
040524A,4/3/24,5/4/24,6/1/24,P19,50,R1,C8,,,,,,,,,Cold,Wet,Dark,,,,
040524A,4/3/24,5/4/24,6/1/24,P19,50,R1,C9,,,,,,,,,Cold,Wet,Dark,,,,
040524A,4/3/24,5/4/24,6/1/24,P19,50,R1,C10,6/14,HD,,,,,,,Cold,Wet,Dark,,,,
040524A,4/3/24,5/4/24,6/1/24,P19,50,R1,C11,6/14,HD,,,,,,,Cold,Wet,Dark,,,,
040524A,4/3/24,5/4/24,6/1/24,P19,50,R1,C12,6/7,H,,,,,,,Cold,Wet,Dark,,,,
040524A,4/3/24,5/4/24,6/1/24,P19,50,R1,D1,6/7,D,6/7,D,,,,,Cold,Wet,Dark,,,,
040524A,4/3/24,5/4/24,6/1/24,P19,50,R1,D2,6/14,HD,,,,,,,Cold,Wet,Dark,,,,
040524A,4/3/24,5/4/24,6/1/24,P19,50,R1,D3,6/14,HD,,,,,,,Cold,Wet,Dark,,,,
040524A,4/3/24,5/4/24,6/1/24,P19,50,R1,D4,,,,,,,,,Cold,Wet,Dark,,,,
040524A,4/3/24,5/4/24,6/1/24,P19,50,R1,D5,,,,,,,,,Cold,Wet,Dark,,,,
040524A,4/3/24,5/4/24,6/1/24,P19,50,R1,D6,6/7,D,,,,,,,Cold,Wet,Dark,,,,
040524A,4/3/24,5/4/24,6/1/24,P19,50,R1,D7,,,,,,,,,Cold,Wet,Dark,,,,
040524A,4/3/24,5/4/24,6/1/24,P19,50,R1,D8,4/17,HDE,,,,,,,Cold,Wet,Dark,,,,
040524A,4/3/24,5/4/24,6/1/24,P19,50,R1,D9,,,,,,,,,Cold,Wet,Dark,,,,
040524A,4/3/24,5/4/24,6/1/24,P19,50,R1,D10,6/7,HD,,,,,,,Cold,Wet,Dark,,,,
040524A,4/3/24,5/4/24,6/1/24,P19,50,R1,D11,6/7,H,,,,,,,Cold,Wet,Dark,,,,
040524A,4/3/24,5/4/24,6/1/24,P19,50,R1,D12,,,,,,,,,Cold,Wet,Dark,,,,
040524A,4/3/24,5/4/24,6/1/24,P19,50,R2,E1,,,,,,,,,Cold,Wet,Dark,,,,
040524A,4/3/24,5/4/24,6/1/24,P19,50,R2,E2,6/14,D,,,,,,,Cold,Wet,Dark,,,,
040524A,4/3/24,5/4/24,6/1/24,P19,50,R2,E3,,,,,,,,,Cold,Wet,Dark,,,,
040524A,4/3/24,5/4/24,6/1/24,P19,50,R2,E4,4/17,HDE,,,,,,,Cold,Wet,Dark,,,,
040524A,4/3/24,5/4/24,6/1/24,P19,50,R2,E5,,,,,,,,,Cold,Wet,Dark,,,,
040524A,4/3/24,5/4/24,6/1/24,P19,50,R2,E6,6/7,H,,,,,,,Cold,Wet,Dark,,,,
040524A,4/3/24,5/4/24,6/1/24,P19,50,R2,E7,,,,,,,,,Cold,Wet,Dark,,,,
040524A,4/3/24,5/4/24,6/1/24,P19,50,R2,E8,,,,,,,,,Cold,Wet,Dark,,,,
040524A,4/3/24,5/4/24,6/1/24,P19,50,R2,E9,6/14,HD,,,,,,,Cold,Wet,Dark,,,,
040524A,4/3/24,5/4/24,6/1/24,P19,50,R2,E10,,,,,,,,,Cold,Wet,Dark,,,,
040524A,4/3/24,5/4/24,6/1/24,P19,50,R2,E11,,,,,,,,,Cold,Wet,Dark,,,,
040524A,4/3/24,5/4/24,6/1/24,P19,50,R2,E12,6/14,HD,6/14,HD,,,,,Cold,Wet,Dark,,,,
040524A,4/3/24,5/4/24,6/1/24,P19,50,R2,F1,,,,,,,,,Cold,Wet,Dark,,,,
040524A,4/3/24,5/4/24,6/1/24,P19,50,R2,F2,6/7,HD,6/14,HD,,,,,Cold,Wet,Dark,,,,
040524A,4/3/24,5/4/24,6/1/24,P19,50,R2,F3,6/14,HD,,,,,,,Cold,Wet,Dark,,,,
040524A,4/3/24,5/4/24,6/1/24,P19,50,R2,F4,6/14,HD,,,,,,,Cold,Wet,Dark,,,,
040524A,4/3/24,5/4/24,6/1/24,P19,50,R2,F5,4/17,HDE,,,,,,,Cold,Wet,Dark,,,,
040524A,4/3/24,5/4/24,6/1/24,P19,50,R2,F6,,,,,,,,,Cold,Wet,Dark,,,,
040524A,4/3/24,5/4/24,6/1/24,P19,50,R2,F7,,,,,,,,,Cold,Wet,Dark,,,,
040524A,4/3/24,5/4/24,6/1/24,P19,50,R2,F8,,,,,,,,,Cold,Wet,Dark,,,,
040524A,4/3/24,5/4/24,6/1/24,P19,50,R2,F9,,,,,,,,,Cold,Wet,Dark,,,,
040524A,4/3/24,5/4/24,6/1/24,P19,50,R2,F10,6/7,H,,,,,,,Cold,Wet,Dark,,,,
040524A,4/3/24,5/4/24,6/1/24,P19,50,R2,F11,6/14,HD,,,,,,,Cold,Wet,Dark,,,,
040524A,4/3/24,5/4/24,6/1/24,P19,50,R2,F12,6/14,HD,,,,,,,Cold,Wet,Dark,,,,
040524A,4/3/24,5/4/24,6/1/24,P19,50,R2,G1,6/7,HD,,,,,,,Cold,Wet,Dark,,,,
040524A,4/3/24,5/4/24,6/1/24,P19,50,R2,G2,,,,,,,,,Cold,Wet,Dark,,,,
040524A,4/3/24,5/4/24,6/1/24,P19,50,R2,G3,6/7,D,6/14,HD,6/14,HD,,,Cold,Wet,Dark,,,,
040524A,4/3/24,5/4/24,6/1/24,P19,50,R2,G4,,,,,,,,,Cold,Wet,Dark,,,,
040524A,4/3/24,5/4/24,6/1/24,P19,50,R2,G5,6/14,HD,,,,,,,Cold,Wet,Dark,,,,
040524A,4/3/24,5/4/24,6/1/24,P19,50,R2,G6,6/7,H,,,,,,,Cold,Wet,Dark,,,,
040524A,4/3/24,5/4/24,6/1/24,P19,50,R2,G7,,,,,,,,,Cold,Wet,Dark,,,,
040524A,4/3/24,5/4/24,6/1/24,P19,50,R2,G8,6/14,HD,,,,,,,Cold,Wet,Dark,,,,
040524A,4/3/24,5/4/24,6/1/24,P19,50,R2,G9,,,,,,,,,Cold,Wet,Dark,,,,
040524A,4/3/24,5/4/24,6/1/24,P19,50,R2,G10,6/14,HD,,,,,,,Cold,Wet,Dark,,,,
040524A,4/3/24,5/4/24,6/1/24,P19,50,R2,G11,4/17,HE,6/14,HD,,,,,Cold,Wet,Dark,,,,
040524A,4/3/24,5/4/24,6/1/24,P19,50,R2,G12,,,,,,,,,Cold,Wet,Dark,,,,
040524A,4/3/24,5/4/24,6/1/24,P19,50,R3,H1,,,,,,,,,Cold,Wet,Dark,,,,
040524A,4/3/24,5/4/24,6/1/24,P19,50,R3,H2,6/7,HD,,,,,,,Cold,Wet,Dark,,,,
040524A,4/3/24,5/4/24,6/1/24,P19,50,R3,H3,,,,,,,,,Cold,Wet,Dark,,,,
040524A,4/3/24,5/4/24,6/1/24,P19,50,R3,H4,,,,,,,,,Cold,Wet,Dark,,,,
040524A,4/3/24,5/4/24,6/1/24,P19,50,R3,H5,6/7,D,6/7,D,,,,,Cold,Wet,Dark,,,,
040524A,4/3/24,5/4/24,6/1/24,P19,50,R3,H6,6/7,D,,,,,,,Cold,Wet,Dark,,,,
040524A,4/3/24,5/4/24,6/1/24,P19,50,R3,H7,6/7,HD,,,,,,,Cold,Wet,Dark,,,,
040524A,4/3/24,5/4/24,6/1/24,P19,50,R3,H8,6/14,HD,,,,,,,Cold,Wet,Dark,,,,
040524A,4/3/24,5/4/24,6/1/24,P19,50,R3,H9,,,,,,,,,Cold,Wet,Dark,,,,
040524A,4/3/24,5/4/24,6/1/24,P19,50,R3,H10,,,,,,,,,Cold,Wet,Dark,,,,
040524A,4/3/24,5/4/24,6/1/24,P19,50,R3,H11,,,,,,,,,Cold,Wet,Dark,,,,
040524A,4/3/24,5/4/24,6/1/24,P19,50,R3,H12,6/14,HD,,,,,,,Cold,Wet,Dark,,,,
040524B,4/3/24,5/10/24,6/7/24,P19,50,R1,A1,,,,,,,,,Cold,Dry,Dark,,,,
040524B,4/3/24,5/10/24,6/7/24,P19,50,R1,A2,,,,,,,,,Cold,Dry,Dark,,,,
040524B,4/3/24,5/10/24,6/7/24,P19,50,R1,A3,4/17,HDE,,,,,,,Cold,Dry,Dark,,,,
040524B,4/3/24,5/10/24,6/7/24,P19,50,R1,A4,,,,,,,,,Cold,Dry,Dark,,,,
040524B,4/3/24,5/10/24,6/7/24,P19,50,R1,A5,,,,,,,,,Cold,Dry,Dark,,,,
040524B,4/3/24,5/10/24,6/7/24,P19,50,R1,A6,6/25,H,,,,,,,Cold,Dry,Dark,,,,
040524B,4/3/24,5/10/24,6/7/24,P19,50,R1,A7,,,,,,,,,Cold,Dry,Dark,,,,
040524B,4/3/24,5/10/24,6/7/24,P19,50,R1,A8,4/17,HDE,,,,,,,Cold,Dry,Dark,,,,
040524B,4/3/24,5/10/24,6/7/24,P19,50,R1,A9,,,,,,,,,Cold,Dry,Dark,,,,
040524B,4/3/24,5/10/24,6/7/24,P19,50,R1,A10,4/17,DE,,,,,,,Cold,Dry,Dark,,,,
040524B,4/3/24,5/10/24,6/7/24,P19,50,R1,A11,,,,,,,,,Cold,Dry,Dark,,,,
040524B,4/3/24,5/10/24,6/7/24,P19,50,R1,A12,,,,,,,,,Cold,Dry,Dark,,,,
040524B,4/3/24,5/10/24,6/7/24,P19,50,R1,B1,,,,,,,,,Cold,Dry,Dark,,,,
040524B,4/3/24,5/10/24,6/7/24,P19,50,R1,B2,,,,,,,,,Cold,Dry,Dark,,,,
040524B,4/3/24,5/10/24,6/7/24,P19,50,R1,B3,,,,,,,,,Cold,Dry,Dark,,,,
040524B,4/3/24,5/10/24,6/7/24,P19,50,R1,B4,,,,,,,,,Cold,Dry,Dark,,,,
040524B,4/3/24,5/10/24,6/7/24,P19,50,R1,B5,,,,,,,,,Cold,Dry,Dark,,,,
040524B,4/3/24,5/10/24,6/7/24,P19,50,R1,B6,4/17,HE,,,,,,,Cold,Dry,Dark,,,,
040524B,4/3/24,5/10/24,6/7/24,P19,50,R1,B7,,,,,,,,,Cold,Dry,Dark,,,,
040524B,4/3/24,5/10/24,6/7/24,P19,50,R1,B8,,,,,,,,,Cold,Dry,Dark,,,,
040524B,4/3/24,5/10/24,6/7/24,P19,50,R1,B9,,,,,,,,,Cold,Dry,Dark,,,,
040524B,4/3/24,5/10/24,6/7/24,P19,50,R1,B10,,,,,,,,,Cold,Dry,Dark,,,,
040524B,4/3/24,5/10/24,6/7/24,P19,50,R1,B11,,,,,,,,,Cold,Dry,Dark,,,,
040524B,4/3/24,5/10/24,6/7/24,P19,50,R1,B12,,,,,,,,,Cold,Dry,Dark,,,,
040524B,4/3/24,5/10/24,6/7/24,P19,50,R1,C1,,,,,,,,,Cold,Dry,Dark,,,,
040524B,4/3/24,5/10/24,6/7/24,P19,50,R1,C2,,,,,,,,,Cold,Dry,Dark,,,,
040524B,4/3/24,5/10/24,6/7/24,P19,50,R1,C3,6/25,H,,,,,,,Cold,Dry,Dark,,,,
040524B,4/3/24,5/10/24,6/7/24,P19,50,R1,C4,,,,,,,,,Cold,Dry,Dark,,,,
040524B,4/3/24,5/10/24,6/7/24,P19,50,R1,C5,6/18,HD,,,,,,,Cold,Dry,Dark,,,,
040524B,4/3/24,5/10/24,6/7/24,P19,50,R1,C6,,,,,,,,,Cold,Dry,Dark,,,,
040524B,4/3/24,5/10/24,6/7/24,P19,50,R1,C7,,,,,,,,,Cold,Dry,Dark,,,,
040524B,4/3/24,5/10/24,6/7/24,P19,50,R1,C8,,,,,,,,,Cold,Dry,Dark,,,,
040524B,4/3/24,5/10/24,6/7/24,P19,50,R1,C9,,,,,,,,,Cold,Dry,Dark,,,,
040524B,4/3/24,5/10/24,6/7/24,P19,50,R1,C10,,,,,,,,,Cold,Dry,Dark,,,,
040524B,4/3/24,5/10/24,6/7/24,P19,50,R1,C11,,,,,,,,,Cold,Dry,Dark,,,,
040524B,4/3/24,5/10/24,6/7/24,P19,50,R1,C12,,,,,,,,,Cold,Dry,Dark,,,,
040524B,4/3/24,5/10/24,6/7/24,P19,50,R1,D1,,,,,,,,,Cold,Dry,Dark,,,,
040524B,4/3/24,5/10/24,6/7/24,P19,50,R1,D2,,,,,,,,,Cold,Dry,Dark,,,,
040524B,4/3/24,5/10/24,6/7/24,P19,50,R1,D3,,,,,,,,,Cold,Dry,Dark,,,,
040524B,4/3/24,5/10/24,6/7/24,P19,50,R1,D4,,,,,,,,,Cold,Dry,Dark,,,,
040524B,4/3/24,5/10/24,6/7/24,P19,50,R1,D5,,,,,,,,,Cold,Dry,Dark,,,,
040524B,4/3/24,5/10/24,6/7/24,P19,50,R1,D6,,,,,,,,,Cold,Dry,Dark,,,,
040524B,4/3/24,5/10/24,6/7/24,P19,50,R1,D7,,,,,,,,,Cold,Dry,Dark,,,,
040524B,4/3/24,5/10/24,6/7/24,P19,50,R1,D8,,,,,,,,,Cold,Dry,Dark,,,,
040524B,4/3/24,5/10/24,6/7/24,P19,50,R1,D9,,,,,,,,,Cold,Dry,Dark,,,,
040524B,4/3/24,5/10/24,6/7/24,P19,50,R1,D10,,,,,,,,,Cold,Dry,Dark,,,,
040524B,4/3/24,5/10/24,6/7/24,P19,50,R1,D11,,,,,,,,,Cold,Dry,Dark,,,,
040524B,4/3/24,5/10/24,6/7/24,P19,50,R1,D12,,,,,,,,,Cold,Dry,Dark,,,,
040524B,4/3/24,5/10/24,6/7/24,P19,50,R2,E1,,,,,,,,,Cold,Dry,Dark,,,,
040524B,4/3/24,5/10/24,6/7/24,P19,50,R2,E2,,,,,,,,,Cold,Dry,Dark,,,,
040524B,4/3/24,5/10/24,6/7/24,P19,50,R2,E3,,,,,,,,,Cold,Dry,Dark,,,,
040524B,4/3/24,5/10/24,6/7/24,P19,50,R2,E4,,,,,,,,,Cold,Dry,Dark,,,,
040524B,4/3/24,5/10/24,6/7/24,P19,50,R2,E5,,,,,,,,,Cold,Dry,Dark,,,,
040524B,4/3/24,5/10/24,6/7/24,P19,50,R2,E6,,,,,,,,,Cold,Dry,Dark,,,,
040524B,4/3/24,5/10/24,6/7/24,P19,50,R2,E7,,,,,,,,,Cold,Dry,Dark,,,,
040524B,4/3/24,5/10/24,6/7/24,P19,50,R2,E8,,,,,,,,,Cold,Dry,Dark,,,,
040524B,4/3/24,5/10/24,6/7/24,P19,50,R2,E9,,,,,,,,,Cold,Dry,Dark,,,,
040524B,4/3/24,5/10/24,6/7/24,P19,50,R2,E10,,,,,,,,,Cold,Dry,Dark,,,,
040524B,4/3/24,5/10/24,6/7/24,P19,50,R2,E11,,,,,,,,,Cold,Dry,Dark,,,,
040524B,4/3/24,5/10/24,6/7/24,P19,50,R2,E12,,,,,,,,,Cold,Dry,Dark,,,,
040524B,4/3/24,5/10/24,6/7/24,P19,50,R2,F1,,,,,,,,,Cold,Dry,Dark,,,,
040524B,4/3/24,5/10/24,6/7/24,P19,50,R2,F2,,,,,,,,,Cold,Dry,Dark,,,,
040524B,4/3/24,5/10/24,6/7/24,P19,50,R2,F3,,,,,,,,,Cold,Dry,Dark,,,,
040524B,4/3/24,5/10/24,6/7/24,P19,50,R2,F4,,,,,,,,,Cold,Dry,Dark,,,,
040524B,4/3/24,5/10/24,6/7/24,P19,50,R2,F5,,,,,,,,,Cold,Dry,Dark,,,,
040524B,4/3/24,5/10/24,6/7/24,P19,50,R2,F6,,,,,,,,,Cold,Dry,Dark,,,,
040524B,4/3/24,5/10/24,6/7/24,P19,50,R2,F7,,,,,,,,,Cold,Dry,Dark,,,,
040524B,4/3/24,5/10/24,6/7/24,P19,50,R2,F8,,,,,,,,,Cold,Dry,Dark,,,,
040524B,4/3/24,5/10/24,6/7/24,P19,50,R2,F9,,,,,,,,,Cold,Dry,Dark,,,,
040524B,4/3/24,5/10/24,6/7/24,P19,50,R2,F10,,,,,,,,,Cold,Dry,Dark,,,,
040524B,4/3/24,5/10/24,6/7/24,P19,50,R2,F11,,,,,,,,,Cold,Dry,Dark,,,,
040524B,4/3/24,5/10/24,6/7/24,P19,50,R2,F12,,,,,,,,,Cold,Dry,Dark,,,,
040524B,4/3/24,5/10/24,6/7/24,P19,50,R2,G1,,,,,,,,,Cold,Dry,Dark,,,,
040524B,4/3/24,5/10/24,6/7/24,P19,50,R2,G2,,,,,,,,,Cold,Dry,Dark,,,,
040524B,4/3/24,5/10/24,6/7/24,P19,50,R2,G3,,,,,,,,,Cold,Dry,Dark,,,,
040524B,4/3/24,5/10/24,6/7/24,P19,50,R2,G4,,,,,,,,,Cold,Dry,Dark,,,,
040524B,4/3/24,5/10/24,6/7/24,P19,50,R2,G5,,,,,,,,,Cold,Dry,Dark,,,,
040524B,4/3/24,5/10/24,6/7/24,P19,50,R2,G6,,,,,,,,,Cold,Dry,Dark,,,,
040524B,4/3/24,5/10/24,6/7/24,P19,50,R2,G7,,,,,,,,,Cold,Dry,Dark,,,,
040524B,4/3/24,5/10/24,6/7/24,P19,50,R2,G8,,,,,,,,,Cold,Dry,Dark,,,,
040524B,4/3/24,5/10/24,6/7/24,P19,50,R2,G9,,,,,,,,,Cold,Dry,Dark,,,,
040524B,4/3/24,5/10/24,6/7/24,P19,50,R2,G10,,,,,,,,,Cold,Dry,Dark,,,,
040524B,4/3/24,5/10/24,6/7/24,P19,50,R2,G11,,,,,,,,,Cold,Dry,Dark,,,,
040524B,4/3/24,5/10/24,6/7/24,P19,50,R2,G12,6/18,H,,,,,,,Cold,Dry,Dark,,,,
040524B,4/3/24,5/10/24,6/7/24,P19,50,R3,H1,,,,,,,,,Cold,Dry,Dark,,,,
040524B,4/3/24,5/10/24,6/7/24,P19,50,R3,H2,,,,,,,,,Cold,Dry,Dark,,,,
040524B,4/3/24,5/10/24,6/7/24,P19,50,R3,H3,,,,,,,,,Cold,Dry,Dark,,,,
040524B,4/3/24,5/10/24,6/7/24,P19,50,R3,H4,,,,,,,,,Cold,Dry,Dark,,,,
040524B,4/3/24,5/10/24,6/7/24,P19,50,R3,H5,,,,,,,,,Cold,Dry,Dark,,,,
040524B,4/3/24,5/10/24,6/7/24,P19,50,R3,H6,,,,,,,,,Cold,Dry,Dark,,,,
040524B,4/3/24,5/10/24,6/7/24,P19,50,R3,H7,,,,,,,,,Cold,Dry,Dark,,,,
040524B,4/3/24,5/10/24,6/7/24,P19,50,R3,H8,,,,,,,,,Cold,Dry,Dark,,,,
040524B,4/3/24,5/10/24,6/7/24,P19,50,R3,H9,,,,,,,,,Cold,Dry,Dark,,,,
040524B,4/3/24,5/10/24,6/7/24,P19,50,R3,H10,,,,,,,,,Cold,Dry,Dark,,,,
040524B,4/3/24,5/10/24,6/7/24,P19,50,R3,H11,6/18,H,6/18,H,,,,,Cold,Dry,Dark,,,,
040524B,4/3/24,5/10/24,6/7/24,P19,50,R3,H12,,,,,,,,,Cold,Dry,Dark,,,,
040524C,4/3/24,,,P19,50,R1,A1,4/17,HE,,,,,,,Warm,Wet,Light,y,,,
040524C,4/3/24,,,P19,50,R1,A2,,,,,,,,,Warm,Wet,Light,y,,,
040524C,4/3/24,,,P19,50,R1,A3,,,,,,,,,Warm,Wet,Light,,,,
040524C,4/3/24,,,P19,50,R1,A4,,,,,,,,,Warm,Wet,Light,,,,
040524C,4/3/24,,,P19,50,R1,A5,,,,,,,,,Warm,Wet,Light,,,,
040524C,4/3/24,,,P19,50,R1,A6,,,,,,,,,Warm,Wet,Light,,,,
040524C,4/3/24,,,P19,50,R1,A7,,,,,,,,,Warm,Wet,Light,,,,
040524C,4/3/24,,,P19,50,R1,A8,,,,,,,,,Warm,Wet,Light,,,,
040524C,4/3/24,,,P19,50,R1,A9,,,,,,,,,Warm,Wet,Light,,,,
040524C,4/3/24,,,P19,50,R1,A10,,,,,,,,,Warm,Wet,Light,,,,
040524C,4/3/24,,,P19,50,R1,A11,,,,,,,,,Warm,Wet,Light,,,,
040524C,4/3/24,,,P19,50,R1,A12,,,,,,,,,Warm,Wet,Light,,,,
040524C,4/3/24,,,P19,50,R1,B1,,,,,,,,,Warm,Wet,Light,,,,
040524C,4/3/24,,,P19,50,R1,B2,,,,,,,,,Warm,Wet,Light,,,,
040524C,4/3/24,,,P19,50,R1,B3,,,,,,,,,Warm,Wet,Light,,,,
040524C,4/3/24,,,P19,50,R1,B4,,,,,,,,,Warm,Wet,Light,,,,
040524C,4/3/24,,,P19,50,R1,B5,,,,,,,,,Warm,Wet,Light,,,,
040524C,4/3/24,,,P19,50,R1,B6,,,,,,,,,Warm,Wet,Light,,,,
040524C,4/3/24,,,P19,50,R1,B7,,,,,,,,,Warm,Wet,Light,,,,
040524C,4/3/24,,,P19,50,R1,B8,,,,,,,,,Warm,Wet,Light,,,,
040524C,4/3/24,,,P19,50,R1,B9,,,,,,,,,Warm,Wet,Light,,,,
040524C,4/3/24,,,P19,50,R1,B10,,,,,,,,,Warm,Wet,Light,,,,
040524C,4/3/24,,,P19,50,R1,B11,,,,,,,,,Warm,Wet,Light,,,,
040524C,4/3/24,,,P19,50,R1,B12,,,,,,,,,Warm,Wet,Light,,,,
040524C,4/3/24,,,P19,50,R1,C1,,,,,,,,,Warm,Wet,Light,,,,
040524C,4/3/24,,,P19,50,R1,C2,,,,,,,,,Warm,Wet,Light,,,,
040524C,4/3/24,,,P19,50,R1,C3,,,,,,,,,Warm,Wet,Light,,,,
040524C,4/3/24,,,P19,50,R1,C4,,,,,,,,,Warm,Wet,Light,,,,
040524C,4/3/24,,,P19,50,R1,C5,,,,,,,,,Warm,Wet,Light,,,,
040524C,4/3/24,,,P19,50,R1,C6,,,,,,,,,Warm,Wet,Light,,,,
040524C,4/3/24,,,P19,50,R1,C7,,,,,,,,,Warm,Wet,Light,,,,
040524C,4/3/24,,,P19,50,R1,C8,,,,,,,,,Warm,Wet,Light,,,,
040524C,4/3/24,,,P19,50,R1,C9,,,,,,,,,Warm,Wet,Light,,,,
040524C,4/3/24,,,P19,50,R1,C10,,,,,,,,,Warm,Wet,Light,,,,
040524C,4/3/24,,,P19,50,R1,C11,,,,,,,,,Warm,Wet,Light,,,,
040524C,4/3/24,,,P19,50,R1,C12,,,,,,,,,Warm,Wet,Light,,,,
040524C,4/3/24,,,P19,50,R1,D1,,,,,,,,,Warm,Wet,Light,,,,
040524C,4/3/24,,,P19,50,R1,D2,,,,,,,,,Warm,Wet,Light,,,,
040524C,4/3/24,,,P19,50,R1,D3,,,,,,,,,Warm,Wet,Light,,,,
040524C,4/3/24,,,P19,50,R1,D4,,,,,,,,,Warm,Wet,Light,,,,
040524C,4/3/24,,,P19,50,R1,D5,,,,,,,,,Warm,Wet,Light,,,,
040524C,4/3/24,,,P19,50,R1,D6,,,,,,,,,Warm,Wet,Light,,,,
040524C,4/3/24,,,P19,50,R1,D7,,,,,,,,,Warm,Wet,Light,,,,
040524C,4/3/24,,,P19,50,R1,D8,,,,,,,,,Warm,Wet,Light,,,,
040524C,4/3/24,,,P19,50,R1,D9,,,,,,,,,Warm,Wet,Light,,,,
040524C,4/3/24,,,P19,50,R1,D10,,,,,,,,,Warm,Wet,Light,,,,
040524C,4/3/24,,,P19,50,R1,D11,,,,,,,,,Warm,Wet,Light,,,,
040524C,4/3/24,,,P19,50,R1,D12,,,,,,,,,Warm,Wet,Light,,,,
040524C,4/3/24,,,P19,50,R2,E1,,,,,,,,,Warm,Wet,Light,,,,
040524C,4/3/24,,,P19,50,R2,E2,,,,,,,,,Warm,Wet,Light,,,,
040524C,4/3/24,,,P19,50,R2,E3,,,,,,,,,Warm,Wet,Light,,,,
040524C,4/3/24,,,P19,50,R2,E4,,,,,,,,,Warm,Wet,Light,,,,
040524C,4/3/24,,,P19,50,R2,E5,,,,,,,,,Warm,Wet,Light,,,,
040524C,4/3/24,,,P19,50,R2,E6,,,,,,,,,Warm,Wet,Light,,,,
040524C,4/3/24,,,P19,50,R2,E7,,,,,,,,,Warm,Wet,Light,,,,
040524C,4/3/24,,,P19,50,R2,E8,,,,,,,,,Warm,Wet,Light,,,,
040524C,4/3/24,,,P19,50,R2,E9,,,,,,,,,Warm,Wet,Light,,,,
040524C,4/3/24,,,P19,50,R2,E10,,,,,,,,,Warm,Wet,Light,,,,
040524C,4/3/24,,,P19,50,R2,E11,,,,,,,,,Warm,Wet,Light,,,,
040524C,4/3/24,,,P19,50,R2,E12,,,,,,,,,Warm,Wet,Light,,,,
040524C,4/3/24,,,P19,50,R2,F1,,,,,,,,,Warm,Wet,Light,,,,
040524C,4/3/24,,,P19,50,R2,F2,,,,,,,,,Warm,Wet,Light,,,,
040524C,4/3/24,,,P19,50,R2,F3,,,,,,,,,Warm,Wet,Light,,,,
040524C,4/3/24,,,P19,50,R2,F4,,,,,,,,,Warm,Wet,Light,,,,
040524C,4/3/24,,,P19,50,R2,F5,,,,,,,,,Warm,Wet,Light,,,,
040524C,4/3/24,,,P19,50,R2,F6,,,,,,,,,Warm,Wet,Light,,,,
040524C,4/3/24,,,P19,50,R2,F7,,,,,,,,,Warm,Wet,Light,,,,
040524C,4/3/24,,,P19,50,R2,F8,,,,,,,,,Warm,Wet,Light,,,,
040524C,4/3/24,,,P19,50,R2,F9,,,,,,,,,Warm,Wet,Light,,,,
040524C,4/3/24,,,P19,50,R2,F10,,,,,,,,,Warm,Wet,Light,,,,
040524C,4/3/24,,,P19,50,R2,F11,,,,,,,,,Warm,Wet,Light,,,,
040524C,4/3/24,,,P19,50,R2,F12,,,,,,,,,Warm,Wet,Light,,,,
040524C,4/3/24,,,P19,50,R2,G1,,,,,,,,,Warm,Wet,Light,y,,,
040524C,4/3/24,,,P19,50,R2,G2,,,,,,,,,Warm,Wet,Light,,,,
040524C,4/3/24,,,P19,50,R2,G3,,,,,,,,,Warm,Wet,Light,,,,
040524C,4/3/24,,,P19,50,R2,G4,,,,,,,,,Warm,Wet,Light,,,,
040524C,4/3/24,,,P19,50,R2,G5,,,,,,,,,Warm,Wet,Light,,,,
040524C,4/3/24,,,P19,50,R2,G6,,,,,,,,,Warm,Wet,Light,,,,
040524C,4/3/24,,,P19,50,R2,G7,,,,,,,,,Warm,Wet,Light,,,,
040524C,4/3/24,,,P19,50,R2,G8,,,,,,,,,Warm,Wet,Light,,,,
040524C,4/3/24,,,P19,50,R2,G9,,,,,,,,,Warm,Wet,Light,,,,
040524C,4/3/24,,,P19,50,R2,G10,,,,,,,,,Warm,Wet,Light,,,,
040524C,4/3/24,,,P19,50,R2,G11,,,,,,,,,Warm,Wet,Light,,,,
040524C,4/3/24,,,P19,50,R2,G12,,,,,,,,,Warm,Wet,Light,y,,,
040524C,4/3/24,,,P19,50,R3,H1,,,,,,,,,Warm,Wet,Light,y,,,
040524C,4/3/24,,,P19,50,R3,H2,,,,,,,,,Warm,Wet,Light,y,,,
040524C,4/3/24,,,P19,50,R3,H3,,,,,,,,,Warm,Wet,Light,y,,,
040524C,4/3/24,,,P19,50,R3,H4,,,,,,,,,Warm,Wet,Light,,,,
040524C,4/3/24,,,P19,50,R3,H5,,,,,,,,,Warm,Wet,Light,,,,
040524C,4/3/24,,,P19,50,R3,H6,4/17,HDE,,,,,,,Warm,Wet,Light,,,,
040524C,4/3/24,,,P19,50,R3,H7,,,,,,,,,Warm,Wet,Light,,,,
040524C,4/3/24,,,P19,50,R3,H8,,,,,,,,,Warm,Wet,Light,,,,
040524C,4/3/24,,,P19,50,R3,H9,,,,,,,,,Warm,Wet,Light,,,,
040524C,4/3/24,,,P19,50,R3,H10,,,,,,,,,Warm,Wet,Light,y,,,
040524C,4/3/24,,,P19,50,R3,H11,6/17,HD,,,,,,,Warm,Wet,Light,y,,,
040524C,4/3/24,,,P19,50,R3,H12,6/7,H,,,,,,,Warm,Wet,Light,y,,,
040524D,4/3/24,,,P19,50,R1,A1,,,,,,,,,Warm,Wet,Dark,,,,
040524D,4/3/24,,,P19,50,R1,A2,,,,,,,,,Warm,Wet,Dark,,,,
040524D,4/3/24,,,P19,50,R1,A3,,,,,,,,,Warm,Wet,Dark,,,,
040524D,4/3/24,,,P19,50,R1,A4,,,,,,,,,Warm,Wet,Dark,,,,
040524D,4/3/24,,,P19,50,R1,A5,,,,,,,,,Warm,Wet,Dark,,,,
040524D,4/3/24,,,P19,50,R1,A6,,,,,,,,,Warm,Wet,Dark,,,,
040524D,4/3/24,,,P19,50,R1,A7,6/17,HD,,,,,,,Warm,Wet,Dark,,,,
040524D,4/3/24,,,P19,50,R1,A8,,,,,,,,,Warm,Wet,Dark,,,,
040524D,4/3/24,,,P19,50,R1,A9,,,,,,,,,Warm,Wet,Dark,,,,
040524D,4/3/24,,,P19,50,R1,A10,,,,,,,,,Warm,Wet,Dark,,,,
040524D,4/3/24,,,P19,50,R1,A11,,,,,,,,,Warm,Wet,Dark,,,,
040524D,4/3/24,,,P19,50,R1,A12,,,,,,,,,Warm,Wet,Dark,,,,
040524D,4/3/24,,,P19,50,R1,B1,,,,,,,,,Warm,Wet,Dark,,,,
040524D,4/3/24,,,P19,50,R1,B2,,,,,,,,,Warm,Wet,Dark,,,,
040524D,4/3/24,,,P19,50,R1,B3,,,,,,,,,Warm,Wet,Dark,,,,
040524D,4/3/24,,,P19,50,R1,B4,,,,,,,,,Warm,Wet,Dark,,,,
040524D,4/3/24,,,P19,50,R1,B5,,,,,,,,,Warm,Wet,Dark,,,,
040524D,4/3/24,,,P19,50,R1,B6,,,,,,,,,Warm,Wet,Dark,,,,
040524D,4/3/24,,,P19,50,R1,B7,,,,,,,,,Warm,Wet,Dark,,,,
040524D,4/3/24,,,P19,50,R1,B8,,,,,,,,,Warm,Wet,Dark,,,,
040524D,4/3/24,,,P19,50,R1,B9,,,,,,,,,Warm,Wet,Dark,,,,
040524D,4/3/24,,,P19,50,R1,B10,,,,,,,,,Warm,Wet,Dark,,,,
040524D,4/3/24,,,P19,50,R1,B11,,,,,,,,,Warm,Wet,Dark,,,,
040524D,4/3/24,,,P19,50,R1,B12,,,,,,,,,Warm,Wet,Dark,,,,
040524D,4/3/24,,,P19,50,R1,C1,,,,,,,,,Warm,Wet,Dark,,,,
040524D,4/3/24,,,P19,50,R1,C2,4/17,HE,,,,,,,Warm,Wet,Dark,,,,
040524D,4/3/24,,,P19,50,R1,C3,,,,,,,,,Warm,Wet,Dark,,,,
040524D,4/3/24,,,P19,50,R1,C4,,,,,,,,,Warm,Wet,Dark,,,,
040524D,4/3/24,,,P19,50,R1,C5,,,,,,,,,Warm,Wet,Dark,,,,
040524D,4/3/24,,,P19,50,R1,C6,,,,,,,,,Warm,Wet,Dark,,,,
040524D,4/3/24,,,P19,50,R1,C7,,,,,,,,,Warm,Wet,Dark,,,,
040524D,4/3/24,,,P19,50,R1,C8,,,,,,,,,Warm,Wet,Dark,,,,
040524D,4/3/24,,,P19,50,R1,C9,,,,,,,,,Warm,Wet,Dark,,,,
040524D,4/3/24,,,P19,50,R1,C10,4/17,HDE,,,,,,,Warm,Wet,Dark,,,,
040524D,4/3/24,,,P19,50,R1,C11,,,,,,,,,Warm,Wet,Dark,,,,
040524D,4/3/24,,,P19,50,R1,C12,,,,,,,,,Warm,Wet,Dark,,,,
040524D,4/3/24,,,P19,50,R1,D1,,,,,,,,,Warm,Wet,Dark,,,,
040524D,4/3/24,,,P19,50,R1,D2,,,,,,,,,Warm,Wet,Dark,,,,
040524D,4/3/24,,,P19,50,R1,D3,,,,,,,,,Warm,Wet,Dark,,,,
040524D,4/3/24,,,P19,50,R1,D4,,,,,,,,,Warm,Wet,Dark,,,,
040524D,4/3/24,,,P19,50,R1,D5,,,,,,,,,Warm,Wet,Dark,,,,
040524D,4/3/24,,,P19,50,R1,D6,,,,,,,,,Warm,Wet,Dark,,,,
040524D,4/3/24,,,P19,50,R1,D7,,,,,,,,,Warm,Wet,Dark,,,,
040524D,4/3/24,,,P19,50,R1,D8,,,,,,,,,Warm,Wet,Dark,,,,
040524D,4/3/24,,,P19,50,R1,D9,,,,,,,,,Warm,Wet,Dark,,,,
040524D,4/3/24,,,P19,50,R1,D10,,,,,,,,,Warm,Wet,Dark,,,,
040524D,4/3/24,,,P19,50,R1,D11,,,,,,,,,Warm,Wet,Dark,,,,
040524D,4/3/24,,,P19,50,R1,D12,,,,,,,,,Warm,Wet,Dark,,,,
040524D,4/3/24,,,P19,50,R2,E1,6/17,D,,,,,,,Warm,Wet,Dark,,,,
040524D,4/3/24,,,P19,50,R2,E2,,,,,,,,,Warm,Wet,Dark,,,,
040524D,4/3/24,,,P19,50,R2,E3,,,,,,,,,Warm,Wet,Dark,,,,
040524D,4/3/24,,,P19,50,R2,E4,,,,,,,,,Warm,Wet,Dark,,,,
040524D,4/3/24,,,P19,50,R2,E5,,,,,,,,,Warm,Wet,Dark,,,,
040524D,4/3/24,,,P19,50,R2,E6,,,,,,,,,Warm,Wet,Dark,,,,
040524D,4/3/24,,,P19,50,R2,E7,,,,,,,,,Warm,Wet,Dark,,,,
040524D,4/3/24,,,P19,50,R2,E8,,,,,,,,,Warm,Wet,Dark,,,,
040524D,4/3/24,,,P19,50,R2,E9,,,,,,,,,Warm,Wet,Dark,,,,
040524D,4/3/24,,,P19,50,R2,E10,,,,,,,,,Warm,Wet,Dark,,,,
040524D,4/3/24,,,P19,50,R2,E11,,,,,,,,,Warm,Wet,Dark,,,,
040524D,4/3/24,,,P19,50,R2,E12,4/17,HDE,,,,,,,Warm,Wet,Dark,,,,
040524D,4/3/24,,,P19,50,R2,F1,,,,,,,,,Warm,Wet,Dark,,,,
040524D,4/3/24,,,P19,50,R2,F2,,,,,,,,,Warm,Wet,Dark,,,,
040524D,4/3/24,,,P19,50,R2,F3,,,,,,,,,Warm,Wet,Dark,,,,
040524D,4/3/24,,,P19,50,R2,F4,,,,,,,,,Warm,Wet,Dark,,,,
040524D,4/3/24,,,P19,50,R2,F5,,,,,,,,,Warm,Wet,Dark,,,,
040524D,4/3/24,,,P19,50,R2,F6,,,,,,,,,Warm,Wet,Dark,,,,
040524D,4/3/24,,,P19,50,R2,F7,4/17,HDE,,,,,,,Warm,Wet,Dark,,,,
040524D,4/3/24,,,P19,50,R2,F8,,,,,,,,,Warm,Wet,Dark,,,,
040524D,4/3/24,,,P19,50,R2,F9,,,,,,,,,Warm,Wet,Dark,,,,
040524D,4/3/24,,,P19,50,R2,F10,,,,,,,,,Warm,Wet,Dark,,,,
040524D,4/3/24,,,P19,50,R2,F11,,,,,,,,,Warm,Wet,Dark,,,,
040524D,4/3/24,,,P19,50,R2,F12,,,,,,,,,Warm,Wet,Dark,,,,
040524D,4/3/24,,,P19,50,R2,G1,,,,,,,,,Warm,Wet,Dark,,,,
040524D,4/3/24,,,P19,50,R2,G2,,,,,,,,,Warm,Wet,Dark,,,,
040524D,4/3/24,,,P19,50,R2,G3,,,,,,,,,Warm,Wet,Dark,,,,
040524D,4/3/24,,,P19,50,R2,G4,,,,,,,,,Warm,Wet,Dark,,,,
040524D,4/3/24,,,P19,50,R2,G5,,,,,,,,,Warm,Wet,Dark,,,,
040524D,4/3/24,,,P19,50,R2,G6,6/17,HD,,,,,,,Warm,Wet,Dark,,,,
040524D,4/3/24,,,P19,50,R2,G7,,,,,,,,,Warm,Wet,Dark,,,,
040524D,4/3/24,,,P19,50,R2,G8,,,,,,,,,Warm,Wet,Dark,,,,
040524D,4/3/24,,,P19,50,R2,G9,,,,,,,,,Warm,Wet,Dark,,,,
040524D,4/3/24,,,P19,50,R2,G10,4/17,DE,,,,,,,Warm,Wet,Dark,,,,
040524D,4/3/24,,,P19,50,R2,G11,,,,,,,,,Warm,Wet,Dark,,,,
040524D,4/3/24,,,P19,50,R2,G12,6/17,HD,,,,,,,Warm,Wet,Dark,,,,
040524D,4/3/24,,,P19,50,R3,H1,4/17,HDE,,,,,,,Warm,Wet,Dark,,,,
040524D,4/3/24,,,P19,50,R3,H2,,,,,,,,,Warm,Wet,Dark,,,,
040524D,4/3/24,,,P19,50,R3,H3,,,,,,,,,Warm,Wet,Dark,,,,
040524D,4/3/24,,,P19,50,R3,H4,,,,,,,,,Warm,Wet,Dark,,,,
040524D,4/3/24,,,P19,50,R3,H5,,,,,,,,,Warm,Wet,Dark,,,,
040524D,4/3/24,,,P19,50,R3,H6,4/17,HDE,6/17,HD,,,,,Warm,Wet,Dark,,,,
040524D,4/3/24,,,P19,50,R3,H7,,,,,,,,,Warm,Wet,Dark,,,,
040524D,4/3/24,,,P19,50,R3,H8,,,,,,,,,Warm,Wet,Dark,,,,
040524D,4/3/24,,,P19,50,R3,H9,6/17,HD,,,,,,,Warm,Wet,Dark,,,,
040524D,4/3/24,,,P19,50,R3,H10,,,,,,,,,Warm,Wet,Dark,,,,
040524D,4/3/24,,,P19,50,R3,H11,4/17,HDE,,,,,,,Warm,Wet,Dark,,,,
040524D,4/3/24,,,P19,50,R3,H12,,,,,,,,,Warm,Wet,Dark,,,,
040524E,4/3/24,,,P19,50,R1,A1,,,,,,,,,Warm,Dry,Light,,,,2
040524E,4/3/24,,,P19,50,R1,A2,,,,,,,,,Warm,Dry,Light,,,,2
040524E,4/3/24,,,P19,50,R1,A3,,,,,,,,,Warm,Dry,Light,,,,1
040524E,4/3/24,,,P19,50,R1,A4,,,,,,,,,Warm,Dry,Light,,,,1
040524E,4/3/24,,,P19,50,R1,A5,,,,,,,,,Warm,Dry,Light,,,,2
040524E,4/3/24,,,P19,50,R1,A6,,,,,,,,,Warm,Dry,Light,,,,0
040524E,4/3/24,,,P19,50,R1,A7,,,,,,,,,Warm,Dry,Light,,,,1
040524E,4/3/24,,,P19,50,R1,A8,,,,,,,,,Warm,Dry,Light,,,,0
040524E,4/3/24,,,P19,50,R1,A9,,,,,,,,,Warm,Dry,Light,,,,2
040524E,4/3/24,,,P19,50,R1,A10,,,,,,,,,Warm,Dry,Light,,,,2
040524E,4/3/24,,,P19,50,R1,A11,,,,,,,,,Warm,Dry,Light,,,,0
040524E,4/3/24,,,P19,50,R1,A12,,,,,,,,,Warm,Dry,Light,,,,2
040524E,4/3/24,,,P19,50,R1,B1,,,,,,,,,Warm,Dry,Light,,,,1
040524E,4/3/24,,,P19,50,R1,B2,,,,,,,,,Warm,Dry,Light,,,,2
040524E,4/3/24,,,P19,50,R1,B3,6/25,HD,,,,,,,Warm,Dry,Light,,,,1
040524E,4/3/24,,,P19,50,R1,B4,,,,,,,,,Warm,Dry,Light,,,,2
040524E,4/3/24,,,P19,50,R1,B5,,,,,,,,,Warm,Dry,Light,,,,1
040524E,4/3/24,,,P19,50,R1,B6,,,,,,,,,Warm,Dry,Light,,,,2
040524E,4/3/24,,,P19,50,R1,B7,,,,,,,,,Warm,Dry,Light,,,,2
040524E,4/3/24,,,P19,50,R1,B8,,,,,,,,,Warm,Dry,Light,,,,2
040524E,4/3/24,,,P19,50,R1,B9,,,,,,,,,Warm,Dry,Light,,,,2
040524E,4/3/24,,,P19,50,R1,B10,,,,,,,,,Warm,Dry,Light,,,,2
040524E,4/3/24,,,P19,50,R1,B11,,,,,,,,,Warm,Dry,Light,,,,0
040524E,4/3/24,,,P19,50,R1,B12,,,,,,,,,Warm,Dry,Light,,,,1
040524E,4/3/24,,,P19,50,R1,C1,,,,,,,,,Warm,Dry,Light,,,,2
040524E,4/3/24,,,P19,50,R1,C2,,,,,,,,,Warm,Dry,Light,,,,2
040524E,4/3/24,,,P19,50,R1,C3,,,,,,,,,Warm,Dry,Light,,,,1
040524E,4/3/24,,,P19,50,R1,C4,,,,,,,,,Warm,Dry,Light,,,,0
040524E,4/3/24,,,P19,50,R1,C5,,,,,,,,,Warm,Dry,Light,,,,0
040524E,4/3/24,,,P19,50,R1,C6,,,,,,,,,Warm,Dry,Light,,,,2
040524E,4/3/24,,,P19,50,R1,C7,,,,,,,,,Warm,Dry,Light,,,,0
040524E,4/3/24,,,P19,50,R1,C8,,,,,,,,,Warm,Dry,Light,,,,0
040524E,4/3/24,,,P19,50,R1,C9,,,,,,,,,Warm,Dry,Light,,,,2
040524E,4/3/24,,,P19,50,R1,C10,,,,,,,,,Warm,Dry,Light,,,,2
040524E,4/3/24,,,P19,50,R1,C11,6/18,H,6/25,D,,,,,Warm,Dry,Light,,,,0
040524E,4/3/24,,,P19,50,R1,C12,,,,,,,,,Warm,Dry,Light,,,,2
040524E,4/3/24,,,P19,50,R1,D1,,,,,,,,,Warm,Dry,Light,,,,2
040524E,4/3/24,,,P19,50,R1,D2,,,,,,,,,Warm,Dry,Light,,,,2
040524E,4/3/24,,,P19,50,R1,D3,,,,,,,,,Warm,Dry,Light,,,,2
040524E,4/3/24,,,P19,50,R1,D4,,,,,,,,,Warm,Dry,Light,,,,2
040524E,4/3/24,,,P19,50,R1,D5,,,,,,,,,Warm,Dry,Light,,,,0
040524E,4/3/24,,,P19,50,R1,D6,,,,,,,,,Warm,Dry,Light,,,,1
040524E,4/3/24,,,P19,50,R1,D7,,,,,,,,,Warm,Dry,Light,,,,0
040524E,4/3/24,,,P19,50,R1,D8,,,,,,,,,Warm,Dry,Light,,,,2
040524E,4/3/24,,,P19,50,R1,D9,6/18,D,,,,,,,Warm,Dry,Light,,,,0
040524E,4/3/24,,,P19,50,R1,D10,,,,,,,,,Warm,Dry,Light,,,,2
040524E,4/3/24,,,P19,50,R1,D11,,,,,,,,,Warm,Dry,Light,,,,2
040524E,4/3/24,,,P19,50,R1,D12,,,,,,,,,Warm,Dry,Light,,,,2
040524E,4/3/24,,,P19,50,R2,E1,,,,,,,,,Warm,Dry,Light,,,,2
040524E,4/3/24,,,P19,50,R2,E2,,,,,,,,,Warm,Dry,Light,,,,0
040524E,4/3/24,,,P19,50,R2,E3,,,,,,,,,Warm,Dry,Light,,,,2
040524E,4/3/24,,,P19,50,R2,E4,,,,,,,,,Warm,Dry,Light,,,,2
040524E,4/3/24,,,P19,50,R2,E5,,,,,,,,,Warm,Dry,Light,,,,2
040524E,4/3/24,,,P19,50,R2,E6,,,,,,,,,Warm,Dry,Light,,,,2
040524E,4/3/24,,,P19,50,R2,E7,,,,,,,,,Warm,Dry,Light,,,,2
040524E,4/3/24,,,P19,50,R2,E8,,,,,,,,,Warm,Dry,Light,,,,0
040524E,4/3/24,,,P19,50,R2,E9,,,,,,,,,Warm,Dry,Light,,,,2
040524E,4/3/24,,,P19,50,R2,E10,,,,,,,,,Warm,Dry,Light,,,,0
040524E,4/3/24,,,P19,50,R2,E11,,,,,,,,,Warm,Dry,Light,,,,2
040524E,4/3/24,,,P19,50,R2,E12,,,,,,,,,Warm,Dry,Light,,,,0
040524E,4/3/24,,,P19,50,R2,F1,,,,,,,,,Warm,Dry,Light,,,,2
040524E,4/3/24,,,P19,50,R2,F2,,,,,,,,,Warm,Dry,Light,,,,2
040524E,4/3/24,,,P19,50,R2,F3,,,,,,,,,Warm,Dry,Light,,,,2
040524E,4/3/24,,,P19,50,R2,F4,,,,,,,,,Warm,Dry,Light,,,,2
040524E,4/3/24,,,P19,50,R2,F5,,,,,,,,,Warm,Dry,Light,,,,2
040524E,4/3/24,,,P19,50,R2,F6,,,,,,,,,Warm,Dry,Light,,,,2
040524E,4/3/24,,,P19,50,R2,F7,,,,,,,,,Warm,Dry,Light,,,,1
040524E,4/3/24,,,P19,50,R2,F8,,,,,,,,,Warm,Dry,Light,,,,1
040524E,4/3/24,,,P19,50,R2,F9,,,,,,,,,Warm,Dry,Light,,,,0
040524E,4/3/24,,,P19,50,R2,F10,,,,,,,,,Warm,Dry,Light,,,,2
040524E,4/3/24,,,P19,50,R2,F11,4/17,HDE,6/25,HD,,,,,Warm,Dry,Light,,,,0
040524E,4/3/24,,,P19,50,R2,F12,,,,,,,,,Warm,Dry,Light,,,,2
040524E,4/3/24,,,P19,50,R2,G1,,,,,,,,,Warm,Dry,Light,,,,2
040524E,4/3/24,,,P19,50,R2,G2,,,,,,,,,Warm,Dry,Light,,,,2
040524E,4/3/24,,,P19,50,R2,G3,,,,,,,,,Warm,Dry,Light,,,,2
040524E,4/3/24,,,P19,50,R2,G4,,,,,,,,,Warm,Dry,Light,,,,2
040524E,4/3/24,,,P19,50,R2,G5,,,,,,,,,Warm,Dry,Light,,,,2
040524E,4/3/24,,,P19,50,R2,G6,,,,,,,,,Warm,Dry,Light,,,,1
040524E,4/3/24,,,P19,50,R2,G7,,,,,,,,,Warm,Dry,Light,,,,2
040524E,4/3/24,,,P19,50,R2,G8,,,,,,,,,Warm,Dry,Light,,,,2
040524E,4/3/24,,,P19,50,R2,G9,,,,,,,,,Warm,Dry,Light,,,,2
040524E,4/3/24,,,P19,50,R2,G10,6/18,H,,,,,,,Warm,Dry,Light,,,,0
040524E,4/3/24,,,P19,50,R2,G11,,,,,,,,,Warm,Dry,Light,,,,2
040524E,4/3/24,,,P19,50,R2,G12,,,,,,,,,Warm,Dry,Light,,,,2
040524E,4/3/24,,,P19,50,R3,H1,6/25,HD,,,,,,,Warm,Dry,Light,,,,0
040524E,4/3/24,,,P19,50,R3,H2,4/17,HE,,,,,,,Warm,Dry,Light,,,,1
040524E,4/3/24,,,P19,50,R3,H3,4/17,HDE,,,,,,,Warm,Dry,Light,,,,1
040524E,4/3/24,,,P19,50,R3,H4,,,,,,,,,Warm,Dry,Light,,,,2
040524E,4/3/24,,,P19,50,R3,H5,,,,,,,,,Warm,Dry,Light,,,,0
040524E,4/3/24,,,P19,50,R3,H6,,,,,,,,,Warm,Dry,Light,,,,2
040524E,4/3/24,,,P19,50,R3,H7,4/17,HDE,,,,,,,Warm,Dry,Light,,,,1
040524E,4/3/24,,,P19,50,R3,H8,,,,,,,,,Warm,Dry,Light,,,,2
040524E,4/3/24,,,P19,50,R3,H9,,,,,,,,,Warm,Dry,Light,,,,2
040524E,4/3/24,,,P19,50,R3,H10,,,,,,,,,Warm,Dry,Light,,,,2
040524E,4/3/24,,,P19,50,R3,H11,,,,,,,,,Warm,Dry,Light,,,,0
040524E,4/3/24,,,P19,50,R3,H12,,,,,,,,,Warm,Dry,Light,,,,0
040524F,4/3/24,,,P19,50,R1,A1,,,,,,,,,Warm,Dry,Dark,,,,
040524F,4/3/24,,,P19,50,R1,A2,,,,,,,,,Warm,Dry,Dark,,,,
040524F,4/3/24,,,P19,50,R1,A3,,,,,,,,,Warm,Dry,Dark,,,,
040524F,4/3/24,,,P19,50,R1,A4,,,,,,,,,Warm,Dry,Dark,,,,
040524F,4/3/24,,,P19,50,R1,A5,4/19,DE,,,,,,,Warm,Dry,Dark,,,,
040524F,4/3/24,,,P19,50,R1,A6,,,,,,,,,Warm,Dry,Dark,,,,
040524F,4/3/24,,,P19,50,R1,A7,,,,,,,,,Warm,Dry,Dark,,,,
040524F,4/3/24,,,P19,50,R1,A8,,,,,,,,,Warm,Dry,Dark,,,,
040524F,4/3/24,,,P19,50,R1,A9,,,,,,,,,Warm,Dry,Dark,,,,
040524F,4/3/24,,,P19,50,R1,A10,,,,,,,,,Warm,Dry,Dark,,,,
040524F,4/3/24,,,P19,50,R1,A11,,,,,,,,,Warm,Dry,Dark,,,,
040524F,4/3/24,,,P19,50,R1,A12,6/25,D,,,,,,,Warm,Dry,Dark,,,,
040524F,4/3/24,,,P19,50,R1,B1,,,,,,,,,Warm,Dry,Dark,,,,
040524F,4/3/24,,,P19,50,R1,B2,,,,,,,,,Warm,Dry,Dark,,,,
040524F,4/3/24,,,P19,50,R1,B3,,,,,,,,,Warm,Dry,Dark,,,,
040524F,4/3/24,,,P19,50,R1,B4,,,,,,,,,Warm,Dry,Dark,,,,
040524F,4/3/24,,,P19,50,R1,B5,,,,,,,,,Warm,Dry,Dark,,,,
040524F,4/3/24,,,P19,50,R1,B6,6/18,HD,,,,,,,Warm,Dry,Dark,,,,
040524F,4/3/24,,,P19,50,R1,B7,,,,,,,,,Warm,Dry,Dark,,,,
040524F,4/3/24,,,P19,50,R1,B8,,,,,,,,,Warm,Dry,Dark,,,,
040524F,4/3/24,,,P19,50,R1,B9,6/18,H,,,,,,,Warm,Dry,Dark,,,,
040524F,4/3/24,,,P19,50,R1,B10,,,,,,,,,Warm,Dry,Dark,,,,
040524F,4/3/24,,,P19,50,R1,B11,,,,,,,,,Warm,Dry,Dark,,,,
040524F,4/3/24,,,P19,50,R1,B12,,,,,,,,,Warm,Dry,Dark,,,,
040524F,4/3/24,,,P19,50,R1,C1,,,,,,,,,Warm,Dry,Dark,,,,
040524F,4/3/24,,,P19,50,R1,C2,,,,,,,,,Warm,Dry,Dark,,,,
040524F,4/3/24,,,P19,50,R1,C3,,,,,,,,,Warm,Dry,Dark,,,,
040524F,4/3/24,,,P19,50,R1,C4,,,,,,,,,Warm,Dry,Dark,,,,
040524F,4/3/24,,,P19,50,R1,C5,6/25,D,,,,,,,Warm,Dry,Dark,,,,
040524F,4/3/24,,,P19,50,R1,C6,,,,,,,,,Warm,Dry,Dark,,,,
040524F,4/3/24,,,P19,50,R1,C7,,,,,,,,,Warm,Dry,Dark,,,,
040524F,4/3/24,,,P19,50,R1,C8,4/19,HDE,,,,,,,Warm,Dry,Dark,,,,
040524F,4/3/24,,,P19,50,R1,C9,,,,,,,,,Warm,Dry,Dark,,,,
040524F,4/3/24,,,P19,50,R1,C10,,,,,,,,,Warm,Dry,Dark,,,,
040524F,4/3/24,,,P19,50,R1,C11,,,,,,,,,Warm,Dry,Dark,,,,
040524F,4/3/24,,,P19,50,R1,C12,,,,,,,,,Warm,Dry,Dark,,,,
040524F,4/3/24,,,P19,50,R1,D1,,,,,,,,,Warm,Dry,Dark,,,,
040524F,4/3/24,,,P19,50,R1,D2,,,,,,,,,Warm,Dry,Dark,,,,
040524F,4/3/24,,,P19,50,R1,D3,,,,,,,,,Warm,Dry,Dark,,,,
040524F,4/3/24,,,P19,50,R1,D4,,,,,,,,,Warm,Dry,Dark,,,,
040524F,4/3/24,,,P19,50,R1,D5,,,,,,,,,Warm,Dry,Dark,,,,
040524F,4/3/24,,,P19,50,R1,D6,,,,,,,,,Warm,Dry,Dark,,,,
040524F,4/3/24,,,P19,50,R1,D7,,,,,,,,,Warm,Dry,Dark,,,,
040524F,4/3/24,,,P19,50,R1,D8,6/25,D,,,,,,,Warm,Dry,Dark,,,,
040524F,4/3/24,,,P19,50,R1,D9,,,,,,,,,Warm,Dry,Dark,,,,
040524F,4/3/24,,,P19,50,R1,D10,,,,,,,,,Warm,Dry,Dark,,,,
040524F,4/3/24,,,P19,50,R1,D11,6/25,H,,,,,,,Warm,Dry,Dark,,,,
040524F,4/3/24,,,P19,50,R1,D12,,,,,,,,,Warm,Dry,Dark,,,,
040524F,4/3/24,,,P19,50,R2,E1,,,,,,,,,Warm,Dry,Dark,,,,
040524F,4/3/24,,,P19,50,R2,E2,,,,,,,,,Warm,Dry,Dark,,,,
040524F,4/3/24,,,P19,50,R2,E3,,,,,,,,,Warm,Dry,Dark,,,,
040524F,4/3/24,,,P19,50,R2,E4,,,,,,,,,Warm,Dry,Dark,,,,
040524F,4/3/24,,,P19,50,R2,E5,,,,,,,,,Warm,Dry,Dark,,,,
040524F,4/3/24,,,P19,50,R2,E6,,,,,,,,,Warm,Dry,Dark,,,,
040524F,4/3/24,,,P19,50,R2,E7,,,,,,,,,Warm,Dry,Dark,,,,
040524F,4/3/24,,,P19,50,R2,E8,6/25,HD,,,,,,,Warm,Dry,Dark,,,,
040524F,4/3/24,,,P19,50,R2,E9,,,,,,,,,Warm,Dry,Dark,,,,
040524F,4/3/24,,,P19,50,R2,E10,,,,,,,,,Warm,Dry,Dark,,,,
040524F,4/3/24,,,P19,50,R2,E11,,,,,,,,,Warm,Dry,Dark,,,,
040524F,4/3/24,,,P19,50,R2,E12,6/25,H,,,,,,,Warm,Dry,Dark,,,,
040524F,4/3/24,,,P19,50,R2,F1,6/25,HD,,,,,,,Warm,Dry,Dark,,,,
040524F,4/3/24,,,P19,50,R2,F2,,,,,,,,,Warm,Dry,Dark,,,,
040524F,4/3/24,,,P19,50,R2,F3,,,,,,,,,Warm,Dry,Dark,,,,
040524F,4/3/24,,,P19,50,R2,F4,,,,,,,,,Warm,Dry,Dark,,,,
040524F,4/3/24,,,P19,50,R2,F5,,,,,,,,,Warm,Dry,Dark,,,,
040524F,4/3/24,,,P19,50,R2,F6,6/25,HD,,,,,,,Warm,Dry,Dark,,,,
040524F,4/3/24,,,P19,50,R2,F7,,,,,,,,,Warm,Dry,Dark,,,,
040524F,4/3/24,,,P19,50,R2,F8,,,,,,,,,Warm,Dry,Dark,,,,
040524F,4/3/24,,,P19,50,R2,F9,,,,,,,,,Warm,Dry,Dark,,,,
040524F,4/3/24,,,P19,50,R2,F10,,,,,,,,,Warm,Dry,Dark,,,,
040524F,4/3/24,,,P19,50,R2,F11,6/25,D,,,,,,,Warm,Dry,Dark,,,,
040524F,4/3/24,,,P19,50,R2,F12,6/25,H,,,,,,,Warm,Dry,Dark,,,,
040524F,4/3/24,,,P19,50,R2,G1,,,,,,,,,Warm,Dry,Dark,,,,
040524F,4/3/24,,,P19,50,R2,G2,6/18,H,,,,,,,Warm,Dry,Dark,,,,
040524F,4/3/24,,,P19,50,R2,G3,6/25,HD,6/25,HD,,,,,Warm,Dry,Dark,,,,
040524F,4/3/24,,,P19,50,R2,G4,,,,,,,,,Warm,Dry,Dark,,,,
040524F,4/3/24,,,P19,50,R2,G5,,,,,,,,,Warm,Dry,Dark,,,,
040524F,4/3/24,,,P19,50,R2,G6,6/25,HD,,,,,,,Warm,Dry,Dark,,,,
040524F,4/3/24,,,P19,50,R2,G7,,,,,,,,,Warm,Dry,Dark,,,,
040524F,4/3/24,,,P19,50,R2,G8,,,,,,,,,Warm,Dry,Dark,,,,
040524F,4/3/24,,,P19,50,R2,G9,,,,,,,,,Warm,Dry,Dark,,,,
040524F,4/3/24,,,P19,50,R2,G10,,,,,,,,,Warm,Dry,Dark,,,,
040524F,4/3/24,,,P19,50,R2,G11,,,,,,,,,Warm,Dry,Dark,,,,
040524F,4/3/24,,,P19,50,R2,G12,,,,,,,,,Warm,Dry,Dark,,,,
040524F,4/3/24,,,P19,50,R3,H1,,,,,,,,,Warm,Dry,Dark,,,,
040524F,4/3/24,,,P19,50,R3,H2,,,,,,,,,Warm,Dry,Dark,,,,
040524F,4/3/24,,,P19,50,R3,H3,,,,,,,,,Warm,Dry,Dark,,,,
040524F,4/3/24,,,P19,50,R3,H4,4/19,HDE,,,,,,,Warm,Dry,Dark,,,,
040524F,4/3/24,,,P19,50,R3,H5,4/19,HDE,,,,,,,Warm,Dry,Dark,,,,
040524F,4/3/24,,,P19,50,R3,H6,,,,,,,,,Warm,Dry,Dark,,,,
040524F,4/3/24,,,P19,50,R3,H7,,,,,,,,,Warm,Dry,Dark,,,,
040524F,4/3/24,,,P19,50,R3,H8,,,,,,,,,Warm,Dry,Dark,,,,
040524F,4/3/24,,,P19,50,R3,H9,,,,,,,,,Warm,Dry,Dark,,,,
040524F,4/3/24,,,P19,50,R3,H10,,,,,,,,,Warm,Dry,Dark,,,,
040524F,4/3/24,,,P19,50,R3,H11,,,,,,,,,Warm,Dry,Dark,,,,
040524F,4/3/24,,,P19,50,R3,H12,6/25,D,6/25,HD,,,,,Warm,Dry,Dark,,,,
040724A,4/3/24,,,P19,50,R3,A1,6/7,HD,,,,,,,Cold,Wet,Dark,,,,
040724A,4/3/24,,,P19,50,R3,A2,,,,,,,,,Cold,Wet,Dark,,,,
040724A,4/3/24,,,P19,50,R3,A3,6/7,HD,,,,,,,Cold,Wet,Dark,,,,
040724A,4/3/24,,,P19,50,R3,A4,5/3,DE,,,,,,,Cold,Wet,Dark,,,,
040724A,4/3/24,,,P19,50,R3,A5,6/7,DE,,,,,,,Cold,Wet,Dark,,,,
040724A,4/3/24,,,P19,50,R3,A6,,,,,,,,,Cold,Wet,Dark,,,,
040724A,4/3/24,,,P19,50,R3,A7,,,,,,,,,Cold,Wet,Dark,,,,
040724A,4/3/24,,,P19,50,R3,A8,,,,,,,,,Cold,Wet,Dark,,,,
040724A,4/3/24,,,P19,50,R3,A9,6/14,D,,,,,,,Cold,Wet,Dark,,,,
040724A,4/3/24,,,P19,50,R3,A10,,,,,,,,,Cold,Wet,Dark,,,,
040724A,4/3/24,,,P19,50,R3,A11,6/7,H,,,,,,,Cold,Wet,Dark,,,,
040724A,4/3/24,,,P19,50,R3,A12,6/7,HD,,,,,,,Cold,Wet,Dark,,,,
040724A,4/3/24,,,P19,50,R3,B1,,,,,,,,,Cold,Wet,Dark,,,,
040724A,4/3/24,,,P19,50,R3,B2,,,,,,,,,Cold,Wet,Dark,,,,
040724A,4/3/24,,,P19,50,R3,B3,,,,,,,,,Cold,Wet,Dark,,,,
040724A,4/3/24,,,P19,50,R3,B4,,,,,,,,,Cold,Wet,Dark,,,,
040724A,4/3/24,,,P19,50,R3,B5,6/7,HD,,,,,,,Cold,Wet,Dark,,,,
040724A,4/3/24,,,P19,50,R3,B6,,,,,,,,,Cold,Wet,Dark,,,,
040724A,4/3/24,,,P19,50,R3,B7,6/7,HD,6/7,HD,,,,,Cold,Wet,Dark,,,,
040724A,4/3/24,,,P19,50,R3,B8,,,,,,,,,Cold,Wet,Dark,,,,
040724A,4/3/24,,,P19,50,R3,B9,,,,,,,,,Cold,Wet,Dark,,,,
040724A,4/3/24,,,P19,50,R3,B10,,,,,,,,,Cold,Wet,Dark,,,,
040724A,4/3/24,,,P19,50,R3,B11,6/7,H,,,,,,,Cold,Wet,Dark,,,,
040724A,4/3/24,,,P19,50,R3,B12,,,,,,,,,Cold,Wet,Dark,,,,
040724A,4/3/24,,,P19,50,R3,C1,6/7,HD,,,,,,,Cold,Wet,Dark,,,,
040724A,4/3/24,,,P19,50,R3,C2,,,,,,,,,Cold,Wet,Dark,,,,
040724A,4/3/24,,,P19,50,R3,C3,,,,,,,,,Cold,Wet,Dark,,,,
040724A,4/3/24,,,P19,50,R3,C4,,,,,,,,,Cold,Wet,Dark,,,,
040724A,4/3/24,,,P19,50,R3,C5,6/14,D,,,,,,,Cold,Wet,Dark,,,,
040724A,4/3/24,,,P19,50,R3,C6,6/7,HD,,,,,,,Cold,Wet,Dark,,,,
040724A,4/3/24,,,P19,50,R3,C7,,,,,,,,,Cold,Wet,Dark,,,,
040724A,4/3/24,,,P19,50,R3,C8,,,,,,,,,Cold,Wet,Dark,,,,
040724A,4/3/24,,,P19,50,R3,C9,6/7,H,,,,,,,Cold,Wet,Dark,,,,
040724A,4/3/24,,,P19,50,R3,C10,6/14,H,,,,,,,Cold,Wet,Dark,,,,
040724A,4/3/24,,,P19,50,R3,C11,,,,,,,,,Cold,Wet,Dark,,,,
040724A,4/3/24,,,P19,50,R3,C12,6/14,HD,,,,,,,Cold,Wet,Dark,,,,
040724A,4/3/24,,,P19,50,R3,D1,6/7,D,,,,,,,Cold,Wet,Dark,,,,
040724A,4/3/24,,,P19,50,R3,D2,,,,,,,,,Cold,Wet,Dark,,,,
040724A,4/3/24,,,P19,50,R3,D3,,,,,,,,,Cold,Wet,Dark,,,,
040724A,4/3/24,,,P19,50,R3,D4,6/14,HD,,,,,,,Cold,Wet,Dark,,,,
040724A,4/3/24,,,P19,50,R3,D5,,,,,,,,,Cold,Wet,Dark,,,,
040724A,4/3/24,,,P19,50,R3,D6,,,,,,,,,Cold,Wet,Dark,,,,
040724A,4/3/24,,,P19,50,R3,D7,6/14,HD,,,,,,,Cold,Wet,Dark,,,,
040724A,4/3/24,,,P19,50,R3,D8,,,,,,,,,Cold,Wet,Dark,,,,
040724A,4/3/24,,,P19,50,R3,D9,,,,,,,,,Cold,Wet,Dark,,,,
040724A,4/3/24,,,P19,50,R3,D10,,,,,,,,,Cold,Wet,Dark,,,,
040724A,4/3/24,,,P19,50,R3,D11,,,,,,,,,Cold,Wet,Dark,,,,
040724A,4/3/24,,,P19,50,R3,D12,,,,,,,,,Cold,Wet,Dark,,,,
040724A,4/3/24,,,P19,50,R4,E1,6/14,HD,6/7,HD,6/7,H,,,Cold,Wet,Dark,,,,
040724A,4/3/24,,,P19,50,R4,E2,6/7,H,6/14,HD,,,,,Cold,Wet,Dark,,,,
040724A,4/3/24,,,P19,50,R4,E3,,,,,,,,,Cold,Wet,Dark,,,,
040724A,4/3/24,,,P19,50,R4,E4,,,,,,,,,Cold,Wet,Dark,,,,
040724A,4/3/24,,,P19,50,R4,E5,,,,,,,,,Cold,Wet,Dark,,,,
040724A,4/3/24,,,P19,50,R4,E6,,,,,,,,,Cold,Wet,Dark,,,,
040724A,4/3/24,,,P19,50,R4,E7,,,,,,,,,Cold,Wet,Dark,,,,
040724A,4/3/24,,,P19,50,R4,E8,,,,,,,,,Cold,Wet,Dark,,,,
040724A,4/3/24,,,P19,50,R4,E9,,,,,,,,,Cold,Wet,Dark,,,,
040724A,4/3/24,,,P19,50,R4,E10,6/7,D,,,,,,,Cold,Wet,Dark,,,,
040724A,4/3/24,,,P19,50,R4,E11,6/7,H,,,,,,,Cold,Wet,Dark,,,,
040724A,4/3/24,,,P19,50,R4,E12,,,,,,,,,Cold,Wet,Dark,,,,
040724A,4/3/24,,,P19,50,R4,F1,6/7,H,6/14,HD,,,,,Cold,Wet,Dark,,,,
040724A,4/3/24,,,P19,50,R4,F2,6/14,HD,,,,,,,Cold,Wet,Dark,,,,
040724A,4/3/24,,,P19,50,R4,F3,,,,,,,,,Cold,Wet,Dark,,,,
040724A,4/3/24,,,P19,50,R4,F4,6/14,D,6/14,HD,,,,,Cold,Wet,Dark,,,,
040724A,4/3/24,,,P19,50,R4,F5,6/7,H,,,,,,,Cold,Wet,Dark,,,,
040724A,4/3/24,,,P19,50,R4,F6,6/14,HD,6/14,HD,,,,,Cold,Wet,Dark,,,,
040724A,4/3/24,,,P19,50,R4,F7,,,,,,,,,Cold,Wet,Dark,,,,
040724A,4/3/24,,,P19,50,R4,F8,6/14,HD,,,,,,,Cold,Wet,Dark,,,,
040724A,4/3/24,,,P19,50,R4,F9,6/14,HD,,,,,,,Cold,Wet,Dark,,,,
040724A,4/3/24,,,P19,50,R4,F10,,,,,,,,,Cold,Wet,Dark,,,,
040724A,4/3/24,,,P19,50,R4,F11,6/7,HD,,,,,,,Cold,Wet,Dark,,,,
040724A,4/3/24,,,P19,50,R4,F12,6/7,HD,,,,,,,Cold,Wet,Dark,,,,
040724A,4/3/24,,,P19,50,R4,G1,6/7,HD,,,,,,,Cold,Wet,Dark,,,,
040724A,4/3/24,,,P19,50,R4,G2,,,,,,,,,Cold,Wet,Dark,,,,
040724A,4/3/24,,,P19,50,R4,G3,6/7,H,,,,,,,Cold,Wet,Dark,,,,
040724A,4/3/24,,,P19,50,R4,G4,,,,,,,,,Cold,Wet,Dark,,,,
040724A,4/3/24,,,P19,50,R4,G5,6/14,HD,6/7,HD,,,,,Cold,Wet,Dark,,,,
040724A,4/3/24,,,P19,50,R4,G6,6/14,HD,,,,,,,Cold,Wet,Dark,,,,
040724A,4/3/24,,,P19,50,R4,G7,,,,,,,,,Cold,Wet,Dark,,,,
040724A,4/3/24,,,P19,50,R4,G8,6/14,HD,,,,,,,Cold,Wet,Dark,,,,
040724A,4/3/24,,,P19,50,R4,G9,6/14,D,,,,,,,Cold,Wet,Dark,,,,
040724A,4/3/24,,,P19,50,R4,G10,6/14,HD,,,,,,,Cold,Wet,Dark,,,,
040724A,4/3/24,,,P19,50,R4,G11,,,,,,,,,Cold,Wet,Dark,,,,
040724A,4/3/24,,,P19,50,R4,G12,6/7,D,,,,,,,Cold,Wet,Dark,,,,
040724A,4/3/24,,,P19,50,R4,H1,,,,,,,,,Cold,Wet,Dark,,,,
040724A,4/3/24,,,P19,50,R4,H2,6/7,HD,6/7,HD,,,,,Cold,Wet,Dark,,,,
040724A,4/3/24,,,P19,50,R4,H3,,,,,,,,,Cold,Wet,Dark,,,,
040724A,4/3/24,,,P19,50,R4,H4,6/7,H,,,,,,,Cold,Wet,Dark,,,,
040724A,4/3/24,,,P19,50,R4,H5,6/7,H,,,,,,,Cold,Wet,Dark,,,,
040724A,4/3/24,,,P19,50,R4,H6,6/7,HD,,,,,,,Cold,Wet,Dark,,,,
040724A,4/3/24,,,P19,50,R4,H7,,,,,,,,,Cold,Wet,Dark,,,,
040724A,4/3/24,,,P19,50,R4,H8,6/7,HD,6/14,HD,,,,,Cold,Wet,Dark,,,,
040724A,4/3/24,,,P19,50,R4,H9,6/7,HD,6/14,HD,,,,,Cold,Wet,Dark,,,,
040724A,4/3/24,,,P19,50,R4,H10,6/14,HD,,,,,,,Cold,Wet,Dark,,,,
040724A,4/3/24,,,P19,50,R4,H11,,,,,,,,,Cold,Wet,Dark,,,,
040724A,4/3/24,,,P19,50,R4,H12,,,,,,,,,Cold,Wet,Dark,,,,
040724B,4/3/24,,,P19,50,R3,A1,,,,,,,,,Cold,Dry,Dark,,,,
040724B,4/3/24,,,P19,50,R3,A2,,,,,,,,,Cold,Dry,Dark,,,,
040724B,4/3/24,,,P19,50,R3,A3,,,,,,,,,Cold,Dry,Dark,,,,
040724B,4/3/24,,,P19,50,R3,A4,6/21,HD,,,,,,,Cold,Dry,Dark,,,,
040724B,4/3/24,,,P19,50,R3,A5,,,,,,,,,Cold,Dry,Dark,,,,
040724B,4/3/24,,,P19,50,R3,A6,,,,,,,,,Cold,Dry,Dark,,,,
040724B,4/3/24,,,P19,50,R3,A7,,,,,,,,,Cold,Dry,Dark,,,,
040724B,4/3/24,,,P19,50,R3,A8,,,,,,,,,Cold,Dry,Dark,,,,
040724B,4/3/24,,,P19,50,R3,A9,,,,,,,,,Cold,Dry,Dark,,,,
040724B,4/3/24,,,P19,50,R3,A10,,,,,,,,,Cold,Dry,Dark,,,,
040724B,4/3/24,,,P19,50,R3,A11,6/7,H,,,,,,,Cold,Dry,Dark,,,,
040724B,4/3/24,,,P19,50,R3,A12,,,,,,,,,Cold,Dry,Dark,,,,
040724B,4/3/24,,,P19,50,R3,B1,,,,,,,,,Cold,Dry,Dark,,,,
040724B,4/3/24,,,P19,50,R3,B2,,,,,,,,,Cold,Dry,Dark,,,,
040724B,4/3/24,,,P19,50,R3,B3,,,,,,,,,Cold,Dry,Dark,,,,
040724B,4/3/24,,,P19,50,R3,B4,,,,,,,,,Cold,Dry,Dark,,,,
040724B,4/3/24,,,P19,50,R3,B5,,,,,,,,,Cold,Dry,Dark,,,,
040724B,4/3/24,,,P19,50,R3,B6,,,,,,,,,Cold,Dry,Dark,,,,
040724B,4/3/24,,,P19,50,R3,B7,,,,,,,,,Cold,Dry,Dark,,,,
040724B,4/3/24,,,P19,50,R3,B8,,,,,,,,,Cold,Dry,Dark,,,,
040724B,4/3/24,,,P19,50,R3,B9,,,,,,,,,Cold,Dry,Dark,,,,
040724B,4/3/24,,,P19,50,R3,B10,,,,,,,,,Cold,Dry,Dark,,,,
040724B,4/3/24,,,P19,50,R3,B11,,,,,,,,,Cold,Dry,Dark,,,,
040724B,4/3/24,,,P19,50,R3,B12,,,,,,,,,Cold,Dry,Dark,,,,
040724B,4/3/24,,,P19,50,R3,C1,,,,,,,,,Cold,Dry,Dark,,,,
040724B,4/3/24,,,P19,50,R3,C2,,,,,,,,,Cold,Dry,Dark,,,,
040724B,4/3/24,,,P19,50,R3,C3,,,,,,,,,Cold,Dry,Dark,,,,
040724B,4/3/24,,,P19,50,R3,C4,,,,,,,,,Cold,Dry,Dark,,,,
040724B,4/3/24,,,P19,50,R3,C5,,,,,,,,,Cold,Dry,Dark,,,,
040724B,4/3/24,,,P19,50,R3,C6,,,,,,,,,Cold,Dry,Dark,,,,
040724B,4/3/24,,,P19,50,R3,C7,,,,,,,,,Cold,Dry,Dark,,,,
040724B,4/3/24,,,P19,50,R3,C8,,,,,,,,,Cold,Dry,Dark,,,,
040724B,4/3/24,,,P19,50,R3,C9,6/7,HD,,,,,,,Cold,Dry,Dark,,,,
040724B,4/3/24,,,P19,50,R3,C10,,,,,,,,,Cold,Dry,Dark,,,,
040724B,4/3/24,,,P19,50,R3,C11,,,,,,,,,Cold,Dry,Dark,,,,
040724B,4/3/24,,,P19,50,R3,C12,,,,,,,,,Cold,Dry,Dark,,,,
040724B,4/3/24,,,P19,50,R3,D1,,,,,,,,,Cold,Dry,Dark,,,,
040724B,4/3/24,,,P19,50,R3,D2,,,,,,,,,Cold,Dry,Dark,,,,
040724B,4/3/24,,,P19,50,R3,D3,,,,,,,,,Cold,Dry,Dark,,,,
040724B,4/3/24,,,P19,50,R3,D4,,,,,,,,,Cold,Dry,Dark,,,,
040724B,4/3/24,,,P19,50,R3,D5,,,,,,,,,Cold,Dry,Dark,,,,
040724B,4/3/24,,,P19,50,R3,D6,,,,,,,,,Cold,Dry,Dark,,,,
040724B,4/3/24,,,P19,50,R3,D7,,,,,,,,,Cold,Dry,Dark,,,,
040724B,4/3/24,,,P19,50,R3,D8,,,,,,,,,Cold,Dry,Dark,,,,
040724B,4/3/24,,,P19,50,R3,D9,,,,,,,,,Cold,Dry,Dark,,,,
040724B,4/3/24,,,P19,50,R3,D10,,,,,,,,,Cold,Dry,Dark,,,,
040724B,4/3/24,,,P19,50,R3,D11,,,,,,,,,Cold,Dry,Dark,,,,
040724B,4/3/24,,,P19,50,R3,D12,,,,,,,,,Cold,Dry,Dark,,,,
040724B,4/3/24,,,P19,50,R4,E1,,,,,,,,,Cold,Dry,Dark,,,,
040724B,4/3/24,,,P19,50,R4,E2,,,,,,,,,Cold,Dry,Dark,,,,
040724B,4/3/24,,,P19,50,R4,E3,,,,,,,,,Cold,Dry,Dark,,,,
040724B,4/3/24,,,P19,50,R4,E4,,,,,,,,,Cold,Dry,Dark,,,,
040724B,4/3/24,,,P19,50,R4,E5,,,,,,,,,Cold,Dry,Dark,,,,
040724B,4/3/24,,,P19,50,R4,E6,,,,,,,,,Cold,Dry,Dark,,,,
040724B,4/3/24,,,P19,50,R4,E7,,,,,,,,,Cold,Dry,Dark,,,,
040724B,4/3/24,,,P19,50,R4,E8,,,,,,,,,Cold,Dry,Dark,,,,
040724B,4/3/24,,,P19,50,R4,E9,,,,,,,,,Cold,Dry,Dark,,,,
040724B,4/3/24,,,P19,50,R4,E10,,,,,,,,,Cold,Dry,Dark,,,,
040724B,4/3/24,,,P19,50,R4,E11,,,,,,,,,Cold,Dry,Dark,,,,
040724B,4/3/24,,,P19,50,R4,E12,,,,,,,,,Cold,Dry,Dark,,,,
040724B,4/3/24,,,P19,50,R4,F1,,,,,,,,,Cold,Dry,Dark,,,,
040724B,4/3/24,,,P19,50,R4,F2,6/7,H,,,,,,,Cold,Dry,Dark,,,,
040724B,4/3/24,,,P19,50,R4,F3,,,,,,,,,Cold,Dry,Dark,,,,
040724B,4/3/24,,,P19,50,R4,F4,,,,,,,,,Cold,Dry,Dark,,,,
040724B,4/3/24,,,P19,50,R4,F5,,,,,,,,,Cold,Dry,Dark,,,,
040724B,4/3/24,,,P19,50,R4,F6,,,,,,,,,Cold,Dry,Dark,,,,
040724B,4/3/24,,,P19,50,R4,F7,,,,,,,,,Cold,Dry,Dark,,,,
040724B,4/3/24,,,P19,50,R4,F8,,,,,,,,,Cold,Dry,Dark,,,,
040724B,4/3/24,,,P19,50,R4,F9,,,,,,,,,Cold,Dry,Dark,,,,
040724B,4/3/24,,,P19,50,R4,F10,6/7,H,,,,,,,Cold,Dry,Dark,,,,
040724B,4/3/24,,,P19,50,R4,F11,,,,,,,,,Cold,Dry,Dark,,,,
040724B,4/3/24,,,P19,50,R4,F12,,,,,,,,,Cold,Dry,Dark,,,,
040724B,4/3/24,,,P19,50,R4,G1,,,,,,,,,Cold,Dry,Dark,,,,
040724B,4/3/24,,,P19,50,R4,G2,,,,,,,,,Cold,Dry,Dark,,,,
040724B,4/3/24,,,P19,50,R4,G3,,,,,,,,,Cold,Dry,Dark,,,,
040724B,4/3/24,,,P19,50,R4,G4,,,,,,,,,Cold,Dry,Dark,,,,
040724B,4/3/24,,,P19,50,R4,G5,,,,,,,,,Cold,Dry,Dark,,,,
040724B,4/3/24,,,P19,50,R4,G6,,,,,,,,,Cold,Dry,Dark,,,,
040724B,4/3/24,,,P19,50,R4,G7,,,,,,,,,Cold,Dry,Dark,,,,
040724B,4/3/24,,,P19,50,R4,G8,,,,,,,,,Cold,Dry,Dark,,,,
040724B,4/3/24,,,P19,50,R4,G9,,,,,,,,,Cold,Dry,Dark,,,,
040724B,4/3/24,,,P19,50,R4,G10,,,,,,,,,Cold,Dry,Dark,,,,
040724B,4/3/24,,,P19,50,R4,G11,,,,,,,,,Cold,Dry,Dark,,,,
040724B,4/3/24,,,P19,50,R4,G12,6/7,H,,,,,,,Cold,Dry,Dark,,,,
040724B,4/3/24,,,P19,50,R4,H1,,,,,,,,,Cold,Dry,Dark,,,,
040724B,4/3/24,,,P19,50,R4,H2,,,,,,,,,Cold,Dry,Dark,,,,
040724B,4/3/24,,,P19,50,R4,H3,4/19,HDE,,,,,,,Cold,Dry,Dark,,,,
040724B,4/3/24,,,P19,50,R4,H4,,,,,,,,,Cold,Dry,Dark,,,,
040724B,4/3/24,,,P19,50,R4,H5,,,,,,,,,Cold,Dry,Dark,,,,
040724B,4/3/24,,,P19,50,R4,H6,,,,,,,,,Cold,Dry,Dark,,,,
040724B,4/3/24,,,P19,50,R4,H7,,,,,,,,,Cold,Dry,Dark,,,,
040724B,4/3/24,,,P19,50,R4,H8,,,,,,,,,Cold,Dry,Dark,,,,
040724B,4/3/24,,,P19,50,R4,H9,,,,,,,,,Cold,Dry,Dark,,,,
040724B,4/3/24,,,P19,50,R4,H10,,,,,,,,,Cold,Dry,Dark,,,,
040724B,4/3/24,,,P19,50,R4,H11,,,,,,,,,Cold,Dry,Dark,,,,
040724B,4/3/24,,,P19,50,R4,H12,,,,,,,,,Cold,Dry,Dark,,,,
040724C,4/3/24,,,P19,50,R3,A1,,,,,,,,,Warm,Wet,Light,,,,
040724C,4/3/24,,,P19,50,R3,A2,,,,,,,,,Warm,Wet,Light,,,,
040724C,4/3/24,,,P19,50,R3,A3,,,,,,,,,Warm,Wet,Light,,,,
040724C,4/3/24,,,P19,50,R3,A4,,,,,,,,,Warm,Wet,Light,,,,
040724C,4/3/24,,,P19,50,R3,A5,,,,,,,,,Warm,Wet,Light,,,,
040724C,4/3/24,,,P19,50,R3,A6,,,,,,,,,Warm,Wet,Light,,,,
040724C,4/3/24,,,P19,50,R3,A7,,,,,,,,,Warm,Wet,Light,,,,
040724C,4/3/24,,,P19,50,R3,A8,,,,,,,,,Warm,Wet,Light,,,,
040724C,4/3/24,,,P19,50,R3,A9,,,,,,,,,Warm,Wet,Light,,,,
040724C,4/3/24,,,P19,50,R3,A10,4/19,HDE,,,,,,,Warm,Wet,Light,,,,
040724C,4/3/24,,,P19,50,R3,A11,,,,,,,,,Warm,Wet,Light,,,,
040724C,4/3/24,,,P19,50,R3,A12,,,,,,,,,Warm,Wet,Light,,,,
040724C,4/3/24,,,P19,50,R3,B1,,,,,,,,,Warm,Wet,Light,,,,
040724C,4/3/24,,,P19,50,R3,B2,,,,,,,,,Warm,Wet,Light,,,,
040724C,4/3/24,,,P19,50,R3,B3,,,,,,,,,Warm,Wet,Light,,,,
040724C,4/3/24,,,P19,50,R3,B4,,,,,,,,,Warm,Wet,Light,,,,
040724C,4/3/24,,,P19,50,R3,B5,,,,,,,,,Warm,Wet,Light,,,,
040724C,4/3/24,,,P19,50,R3,B6,,,,,,,,,Warm,Wet,Light,,,,
040724C,4/3/24,,,P19,50,R3,B7,,,,,,,,,Warm,Wet,Light,,,,
040724C,4/3/24,,,P19,50,R3,B8,,,,,,,,,Warm,Wet,Light,,,,
040724C,4/3/24,,,P19,50,R3,B9,,,,,,,,,Warm,Wet,Light,,,,
040724C,4/3/24,,,P19,50,R3,B10,4/19,HDE,,,,,,,Warm,Wet,Light,,,,
040724C,4/3/24,,,P19,50,R3,B11,,,,,,,,,Warm,Wet,Light,,,,
040724C,4/3/24,,,P19,50,R3,B12,,,,,,,,,Warm,Wet,Light,,,,
040724C,4/3/24,,,P19,50,R3,C1,,,,,,,,,Warm,Wet,Light,,,,
040724C,4/3/24,,,P19,50,R3,C2,,,,,,,,,Warm,Wet,Light,,,,
040724C,4/3/24,,,P19,50,R3,C3,,,,,,,,,Warm,Wet,Light,,,,
040724C,4/3/24,,,P19,50,R3,C4,,,,,,,,,Warm,Wet,Light,,,,
040724C,4/3/24,,,P19,50,R3,C5,,,,,,,,,Warm,Wet,Light,,,,
040724C,4/3/24,,,P19,50,R3,C6,,,,,,,,,Warm,Wet,Light,,,,
040724C,4/3/24,,,P19,50,R3,C7,,,,,,,,,Warm,Wet,Light,,,,
040724C,4/3/24,,,P19,50,R3,C8,,,,,,,,,Warm,Wet,Light,,,,
040724C,4/3/24,,,P19,50,R3,C9,,,,,,,,,Warm,Wet,Light,,,,
040724C,4/3/24,,,P19,50,R3,C10,,,,,,,,,Warm,Wet,Light,,,,
040724C,4/3/24,,,P19,50,R3,C11,4/19,HDE,,,,,,,Warm,Wet,Light,,,,
040724C,4/3/24,,,P19,50,R3,C12,,,,,,,,,Warm,Wet,Light,,,,
040724C,4/3/24,,,P19,50,R3,D1,,,,,,,,,Warm,Wet,Light,,,,
040724C,4/3/24,,,P19,50,R3,D2,4/19,HDE,,,,,,,Warm,Wet,Light,,,,
040724C,4/3/24,,,P19,50,R3,D3,,,,,,,,,Warm,Wet,Light,,,,
040724C,4/3/24,,,P19,50,R3,D4,,,,,,,,,Warm,Wet,Light,,,,
040724C,4/3/24,,,P19,50,R3,D5,,,,,,,,,Warm,Wet,Light,,,,
040724C,4/3/24,,,P19,50,R3,D6,,,,,,,,,Warm,Wet,Light,,,,
040724C,4/3/24,,,P19,50,R3,D7,,,,,,,,,Warm,Wet,Light,,,,
040724C,4/3/24,,,P19,50,R3,D8,,,,,,,,,Warm,Wet,Light,,,,
040724C,4/3/24,,,P19,50,R3,D9,,,,,,,,,Warm,Wet,Light,,,,
040724C,4/3/24,,,P19,50,R3,D10,,,,,,,,,Warm,Wet,Light,,,,
040724C,4/3/24,,,P19,50,R3,D11,,,,,,,,,Warm,Wet,Light,,,,
040724C,4/3/24,,,P19,50,R3,D12,,,,,,,,,Warm,Wet,Light,,,,
040724C,4/3/24,,,P19,50,R4,E1,,,,,,,,,Warm,Wet,Light,,,,
040724C,4/3/24,,,P19,50,R4,E2,,,,,,,,,Warm,Wet,Light,,,,
040724C,4/3/24,,,P19,50,R4,E3,,,,,,,,,Warm,Wet,Light,,,,
040724C,4/3/24,,,P19,50,R4,E4,,,,,,,,,Warm,Wet,Light,,,,
040724C,4/3/24,,,P19,50,R4,E5,,,,,,,,,Warm,Wet,Light,,,,
040724C,4/3/24,,,P19,50,R4,E6,,,,,,,,,Warm,Wet,Light,,,,
040724C,4/3/24,,,P19,50,R4,E7,,,,,,,,,Warm,Wet,Light,,,,
040724C,4/3/24,,,P19,50,R4,E8,,,,,,,,,Warm,Wet,Light,,,,
040724C,4/3/24,,,P19,50,R4,E9,,,,,,,,,Warm,Wet,Light,,,,
040724C,4/3/24,,,P19,50,R4,E10,,,,,,,,,Warm,Wet,Light,,,,
040724C,4/3/24,,,P19,50,R4,E11,,,,,,,,,Warm,Wet,Light,,,,
040724C,4/3/24,,,P19,50,R4,E12,,,,,,,,,Warm,Wet,Light,,,,
040724C,4/3/24,,,P19,50,R4,F1,,,,,,,,,Warm,Wet,Light,,,,
040724C,4/3/24,,,P19,50,R4,F2,,,,,,,,,Warm,Wet,Light,,,,
040724C,4/3/24,,,P19,50,R4,F3,,,,,,,,,Warm,Wet,Light,,,,
040724C,4/3/24,,,P19,50,R4,F4,,,,,,,,,Warm,Wet,Light,,,,
040724C,4/3/24,,,P19,50,R4,F5,,,,,,,,,Warm,Wet,Light,,,,
040724C,4/3/24,,,P19,50,R4,F6,,,,,,,,,Warm,Wet,Light,,,,
040724C,4/3/24,,,P19,50,R4,F7,,,,,,,,,Warm,Wet,Light,,,,
040724C,4/3/24,,,P19,50,R4,F8,,,,,,,,,Warm,Wet,Light,,,,
040724C,4/3/24,,,P19,50,R4,F9,,,,,,,,,Warm,Wet,Light,,,,
040724C,4/3/24,,,P19,50,R4,F10,,,,,,,,,Warm,Wet,Light,,,,
040724C,4/3/24,,,P19,50,R4,F11,,,,,,,,,Warm,Wet,Light,,,,
040724C,4/3/24,,,P19,50,R4,F12,,,,,,,,,Warm,Wet,Light,,,,
040724C,4/3/24,,,P19,50,R4,G1,,,,,,,,,Warm,Wet,Light,,,,
040724C,4/3/24,,,P19,50,R4,G2,,,,,,,,,Warm,Wet,Light,,,,
040724C,4/3/24,,,P19,50,R4,G3,,,,,,,,,Warm,Wet,Light,,,,
040724C,4/3/24,,,P19,50,R4,G4,,,,,,,,,Warm,Wet,Light,,,,
040724C,4/3/24,,,P19,50,R4,G5,,,,,,,,,Warm,Wet,Light,,,,
040724C,4/3/24,,,P19,50,R4,G6,,,,,,,,,Warm,Wet,Light,,,,
040724C,4/3/24,,,P19,50,R4,G7,,,,,,,,,Warm,Wet,Light,,,,
040724C,4/3/24,,,P19,50,R4,G8,,,,,,,,,Warm,Wet,Light,,,,
040724C,4/3/24,,,P19,50,R4,G9,,,,,,,,,Warm,Wet,Light,,,,
040724C,4/3/24,,,P19,50,R4,G10,,,,,,,,,Warm,Wet,Light,,,,
040724C,4/3/24,,,P19,50,R4,G11,,,,,,,,,Warm,Wet,Light,,,,
040724C,4/3/24,,,P19,50,R4,G12,,,,,,,,,Warm,Wet,Light,,,,
040724C,4/3/24,,,P19,50,R4,H1,,,,,,,,,Warm,Wet,Light,,,,
040724C,4/3/24,,,P19,50,R4,H2,,,,,,,,,Warm,Wet,Light,,,,
040724C,4/3/24,,,P19,50,R4,H3,,,,,,,,,Warm,Wet,Light,,,,
040724C,4/3/24,,,P19,50,R4,H4,,,,,,,,,Warm,Wet,Light,,,,
040724C,4/3/24,,,P19,50,R4,H5,,,,,,,,,Warm,Wet,Light,,,,
040724C,4/3/24,,,P19,50,R4,H6,,,,,,,,,Warm,Wet,Light,,,,
040724C,4/3/24,,,P19,50,R4,H7,,,,,,,,,Warm,Wet,Light,,,,
040724C,4/3/24,,,P19,50,R4,H8,,,,,,,,,Warm,Wet,Light,,,,
040724C,4/3/24,,,P19,50,R4,H9,,,,,,,,,Warm,Wet,Light,,,,
040724C,4/3/24,,,P19,50,R4,H10,,,,,,,,,Warm,Wet,Light,,,,
040724C,4/3/24,,,P19,50,R4,H11,,,,,,,,,Warm,Wet,Light,,,,
040724C,4/3/24,,,P19,50,R4,H12,,,,,,,,,Warm,Wet,Light,,,,
040724D,4/3/24,,,P19,50,R3,A1,,,,,,,,,Warm,Wet,Dark,,,,
040724D,4/3/24,,,P19,50,R3,A2,4/19,HDE,,,,,,,Warm,Wet,Dark,,,,
040724D,4/3/24,,,P19,50,R3,A3,,,,,,,,,Warm,Wet,Dark,,,,
040724D,4/3/24,,,P19,50,R3,A4,4/19,HDE,,,,,,,Warm,Wet,Dark,,,,
040724D,4/3/24,,,P19,50,R3,A5,,,,,,,,,Warm,Wet,Dark,,,,
040724D,4/3/24,,,P19,50,R3,A6,,,,,,,,,Warm,Wet,Dark,,,,
040724D,4/3/24,,,P19,50,R3,A7,,,,,,,,,Warm,Wet,Dark,,,,
040724D,4/3/24,,,P19,50,R3,A8,,,,,,,,,Warm,Wet,Dark,,,,
040724D,4/3/24,,,P19,50,R3,A9,,,,,,,,,Warm,Wet,Dark,,,,
040724D,4/3/24,,,P19,50,R3,A10,,,,,,,,,Warm,Wet,Dark,,,,
040724D,4/3/24,,,P19,50,R3,A11,6/18,HD,,,,,,,Warm,Wet,Dark,,,,
040724D,4/3/24,,,P19,50,R3,A12,,,,,,,,,Warm,Wet,Dark,y,,,
040724D,4/3/24,,,P19,50,R3,B1,4/19,HDE,,,,,,,Warm,Wet,Dark,,,,
040724D,4/3/24,,,P19,50,R3,B2,,,,,,,,,Warm,Wet,Dark,,,,
040724D,4/3/24,,,P19,50,R3,B3,,,,,,,,,Warm,Wet,Dark,,,,
040724D,4/3/24,,,P19,50,R3,B4,,,,,,,,,Warm,Wet,Dark,,,,
040724D,4/3/24,,,P19,50,R3,B5,,,,,,,,,Warm,Wet,Dark,,,,
040724D,4/3/24,,,P19,50,R3,B6,,,,,,,,,Warm,Wet,Dark,,,,
040724D,4/3/24,,,P19,50,R3,B7,6/18,HD,,,,,,,Warm,Wet,Dark,,,,
040724D,4/3/24,,,P19,50,R3,B8,4/19,HDE,,,,,,,Warm,Wet,Dark,,,,
040724D,4/3/24,,,P19,50,R3,B9,,,,,,,,,Warm,Wet,Dark,,,,
040724D,4/3/24,,,P19,50,R3,B10,6/18,HD,,,,,,,Warm,Wet,Dark,,,,
040724D,4/3/24,,,P19,50,R3,B11,,,,,,,,,Warm,Wet,Dark,,,,
040724D,4/3/24,,,P19,50,R3,B12,,,,,,,,,Warm,Wet,Dark,,,,
040724D,4/3/24,,,P19,50,R3,C1,,,,,,,,,Warm,Wet,Dark,,,,
040724D,4/3/24,,,P19,50,R3,C2,,,,,,,,,Warm,Wet,Dark,,,,
040724D,4/3/24,,,P19,50,R3,C3,,,,,,,,,Warm,Wet,Dark,,,,
040724D,4/3/24,,,P19,50,R3,C4,,,,,,,,,Warm,Wet,Dark,,,,
040724D,4/3/24,,,P19,50,R3,C5,,,,,,,,,Warm,Wet,Dark,,,,
040724D,4/3/24,,,P19,50,R3,C6,,,,,,,,,Warm,Wet,Dark,,,,
040724D,4/3/24,,,P19,50,R3,C7,,,,,,,,,Warm,Wet,Dark,,,,
040724D,4/3/24,,,P19,50,R3,C8,,,,,,,,,Warm,Wet,Dark,,,,
040724D,4/3/24,,,P19,50,R3,C9,,,,,,,,,Warm,Wet,Dark,,,,
040724D,4/3/24,,,P19,50,R3,C10,,,,,,,,,Warm,Wet,Dark,,,,
040724D,4/3/24,,,P19,50,R3,C11,,,,,,,,,Warm,Wet,Dark,,,,
040724D,4/3/24,,,P19,50,R3,C12,,,,,,,,,Warm,Wet,Dark,,,,
040724D,4/3/24,,,P19,50,R3,D1,,,,,,,,,Warm,Wet,Dark,,,,
040724D,4/3/24,,,P19,50,R3,D2,,,,,,,,,Warm,Wet,Dark,,,,
040724D,4/3/24,,,P19,50,R3,D3,,,,,,,,,Warm,Wet,Dark,,,,
040724D,4/3/24,,,P19,50,R3,D4,,,,,,,,,Warm,Wet,Dark,,,,
040724D,4/3/24,,,P19,50,R3,D5,,,,,,,,,Warm,Wet,Dark,,,,
040724D,4/3/24,,,P19,50,R3,D6,,,,,,,,,Warm,Wet,Dark,,,,
040724D,4/3/24,,,P19,50,R3,D7,6/18,HD,,,,,,,Warm,Wet,Dark,,,,
040724D,4/3/24,,,P19,50,R3,D8,,,,,,,,,Warm,Wet,Dark,,,,
040724D,4/3/24,,,P19,50,R3,D9,,,,,,,,,Warm,Wet,Dark,,,,
040724D,4/3/24,,,P19,50,R3,D10,,,,,,,,,Warm,Wet,Dark,,,,
040724D,4/3/24,,,P19,50,R3,D11,,,,,,,,,Warm,Wet,Dark,,,,
040724D,4/3/24,,,P19,50,R3,D12,,,,,,,,,Warm,Wet,Dark,,,,
040724D,4/3/24,,,P19,50,R4,E1,,,,,,,,,Warm,Wet,Dark,,,,
040724D,4/3/24,,,P19,50,R4,E2,,,,,,,,,Warm,Wet,Dark,,,,
040724D,4/3/24,,,P19,50,R4,E3,,,,,,,,,Warm,Wet,Dark,,,,
040724D,4/3/24,,,P19,50,R4,E4,,,,,,,,,Warm,Wet,Dark,,,,
040724D,4/3/24,,,P19,50,R4,E5,,,,,,,,,Warm,Wet,Dark,,,,
040724D,4/3/24,,,P19,50,R4,E6,,,,,,,,,Warm,Wet,Dark,,,,
040724D,4/3/24,,,P19,50,R4,E7,,,,,,,,,Warm,Wet,Dark,,,,
040724D,4/3/24,,,P19,50,R4,E8,,,,,,,,,Warm,Wet,Dark,,,,
040724D,4/3/24,,,P19,50,R4,E9,6/18,HD,,,,,,,Warm,Wet,Dark,,,,
040724D,4/3/24,,,P19,50,R4,E10,,,,,,,,,Warm,Wet,Dark,,,,
040724D,4/3/24,,,P19,50,R4,E11,,,,,,,,,Warm,Wet,Dark,,,,
040724D,4/3/24,,,P19,50,R4,E12,,,,,,,,,Warm,Wet,Dark,,,,
040724D,4/3/24,,,P19,50,R4,F1,,,,,,,,,Warm,Wet,Dark,,,,
040724D,4/3/24,,,P19,50,R4,F2,,,,,,,,,Warm,Wet,Dark,,,,
040724D,4/3/24,,,P19,50,R4,F3,,,,,,,,,Warm,Wet,Dark,,,,
040724D,4/3/24,,,P19,50,R4,F4,,,,,,,,,Warm,Wet,Dark,,,,
040724D,4/3/24,,,P19,50,R4,F5,,,,,,,,,Warm,Wet,Dark,,,,
040724D,4/3/24,,,P19,50,R4,F6,,,,,,,,,Warm,Wet,Dark,,,,
040724D,4/3/24,,,P19,50,R4,F7,6/18,HD,,,,,,,Warm,Wet,Dark,,,,
040724D,4/3/24,,,P19,50,R4,F8,,,,,,,,,Warm,Wet,Dark,,,,
040724D,4/3/24,,,P19,50,R4,F9,,,,,,,,,Warm,Wet,Dark,,,,
040724D,4/3/24,,,P19,50,R4,F10,,,,,,,,,Warm,Wet,Dark,,,,
040724D,4/3/24,,,P19,50,R4,F11,,,,,,,,,Warm,Wet,Dark,,,,
040724D,4/3/24,,,P19,50,R4,F12,,,,,,,,,Warm,Wet,Dark,,,,
040724D,4/3/24,,,P19,50,R4,G1,,,,,,,,,Warm,Wet,Dark,,,,
040724D,4/3/24,,,P19,50,R4,G2,,,,,,,,,Warm,Wet,Dark,,,,
040724D,4/3/24,,,P19,50,R4,G3,,,,,,,,,Warm,Wet,Dark,,,,
040724D,4/3/24,,,P19,50,R4,G4,,,,,,,,,Warm,Wet,Dark,,,,
040724D,4/3/24,,,P19,50,R4,G5,,,,,,,,,Warm,Wet,Dark,,,,
040724D,4/3/24,,,P19,50,R4,G6,,,,,,,,,Warm,Wet,Dark,,,,
040724D,4/3/24,,,P19,50,R4,G7,,,,,,,,,Warm,Wet,Dark,,,,
040724D,4/3/24,,,P19,50,R4,G8,,,,,,,,,Warm,Wet,Dark,,,,
040724D,4/3/24,,,P19,50,R4,G9,6/18,HD,,,,,,,Warm,Wet,Dark,,,,
040724D,4/3/24,,,P19,50,R4,G10,,,,,,,,,Warm,Wet,Dark,,,,
040724D,4/3/24,,,P19,50,R4,G11,,,,,,,,,Warm,Wet,Dark,,,,
040724D,4/3/24,,,P19,50,R4,G12,,,,,,,,,Warm,Wet,Dark,,,,
040724D,4/3/24,,,P19,50,R4,H1,,,,,,,,,Warm,Wet,Dark,y,,,
040724D,4/3/24,,,P19,50,R4,H2,,,,,,,,,Warm,Wet,Dark,,,,
040724D,4/3/24,,,P19,50,R4,H3,,,,,,,,,Warm,Wet,Dark,,,,
040724D,4/3/24,,,P19,50,R4,H4,,,,,,,,,Warm,Wet,Dark,,,,
040724D,4/3/24,,,P19,50,R4,H5,,,,,,,,,Warm,Wet,Dark,,,,
040724D,4/3/24,,,P19,50,R4,H6,,,,,,,,,Warm,Wet,Dark,,,,
040724D,4/3/24,,,P19,50,R4,H7,,,,,,,,,Warm,Wet,Dark,,,,
040724D,4/3/24,,,P19,50,R4,H8,6/18,HD,,,,,,,Warm,Wet,Dark,,,,
040724D,4/3/24,,,P19,50,R4,H9,,,,,,,,,Warm,Wet,Dark,,,,
040724D,4/3/24,,,P19,50,R4,H10,,,,,,,,,Warm,Wet,Dark,,,,
040724D,4/3/24,,,P19,50,R4,H11,,,,,,,,,Warm,Wet,Dark,,,,
040724D,4/3/24,,,P19,50,R4,H12,,,,,,,,,Warm,Wet,Dark,y,,,
040724E,4/3/24,,,P19,50,R3,A1,,,,,,,,,Warm,Dry,Light,,,,1
040724E,4/3/24,,,P19,50,R3,A2,,,,,,,,,Warm,Dry,Light,,,,2
040724E,4/3/24,,,P19,50,R3,A3,,,,,,,,,Warm,Dry,Light,,,,2
040724E,4/3/24,,,P19,50,R3,A4,,,,,,,,,Warm,Dry,Light,,,,0
040724E,4/3/24,,,P19,50,R3,A5,,,,,,,,,Warm,Dry,Light,,,,2
040724E,4/3/24,,,P19,50,R3,A6,,,,,,,,,Warm,Dry,Light,,,,0
040724E,4/3/24,,,P19,50,R3,A7,4/19,HDE,,,,,,,Warm,Dry,Light,,,,0
040724E,4/3/24,,,P19,50,R3,A8,4/19,DE,,,,,,,Warm,Dry,Light,,,,0
040724E,4/3/24,,,P19,50,R3,A9,,,,,,,,,Warm,Dry,Light,,,,2
040724E,4/3/24,,,P19,50,R3,A10,,,,,,,,,Warm,Dry,Light,,,,2
040724E,4/3/24,,,P19,50,R3,A11,,,,,,,,,Warm,Dry,Light,,,,2
040724E,4/3/24,,,P19,50,R3,A12,,,,,,,,,Warm,Dry,Light,,,,2
040724E,4/3/24,,,P19,50,R3,B1,4/19,HDE,,,,,,,Warm,Dry,Light,,,,1
040724E,4/3/24,,,P19,50,R3,B2,,,,,,,,,Warm,Dry,Light,,,,2
040724E,4/3/24,,,P19,50,R3,B3,,,,,,,,,Warm,Dry,Light,,,,0
040724E,4/3/24,,,P19,50,R3,B4,,,,,,,,,Warm,Dry,Light,,,,2
040724E,4/3/24,,,P19,50,R3,B5,6/24,D,,,,,,,Warm,Dry,Light,,,,1
040724E,4/3/24,,,P19,50,R3,B6,,,,,,,,,Warm,Dry,Light,,,,2
040724E,4/3/24,,,P19,50,R3,B7,6/25,HD,,,,,,,Warm,Dry,Light,,,,0
040724E,4/3/24,,,P19,50,R3,B8,,,,,,,,,Warm,Dry,Light,,,,0
040724E,4/3/24,,,P19,50,R3,B9,,,,,,,,,Warm,Dry,Light,,,,2
040724E,4/3/24,,,P19,50,R3,B10,,,,,,,,,Warm,Dry,Light,,,,2
040724E,4/3/24,,,P19,50,R3,B11,,,,,,,,,Warm,Dry,Light,,,,2
040724E,4/3/24,,,P19,50,R3,B12,,,,,,,,,Warm,Dry,Light,,,,2
040724E,4/3/24,,,P19,50,R3,C1,,,,,,,,,Warm,Dry,Light,,,,0
040724E,4/3/24,,,P19,50,R3,C2,,,,,,,,,Warm,Dry,Light,,,,2
040724E,4/3/24,,,P19,50,R3,C3,,,,,,,,,Warm,Dry,Light,,,,0
040724E,4/3/24,,,P19,50,R3,C4,,,,,,,,,Warm,Dry,Light,,,,2
040724E,4/3/24,,,P19,50,R3,C5,,,,,,,,,Warm,Dry,Light,,,,2
040724E,4/3/24,,,P19,50,R3,C6,,,,,,,,,Warm,Dry,Light,,,,2
040724E,4/3/24,,,P19,50,R3,C7,,,,,,,,,Warm,Dry,Light,,,,2
040724E,4/3/24,,,P19,50,R3,C8,,,,,,,,,Warm,Dry,Light,,,,0
040724E,4/3/24,,,P19,50,R3,C9,,,,,,,,,Warm,Dry,Light,,,,2
040724E,4/3/24,,,P19,50,R3,C10,,,,,,,,,Warm,Dry,Light,,,,0
040724E,4/3/24,,,P19,50,R3,C11,,,,,,,,,Warm,Dry,Light,,,,1
040724E,4/3/24,,,P19,50,R3,C12,,,,,,,,,Warm,Dry,Light,,,,0
040724E,4/3/24,,,P19,50,R3,D1,,,,,,,,,Warm,Dry,Light,,,,2
040724E,4/3/24,,,P19,50,R3,D2,,,,,,,,,Warm,Dry,Light,,,,2
040724E,4/3/24,,,P19,50,R3,D3,,,,,,,,,Warm,Dry,Light,,,,1
040724E,4/3/24,,,P19,50,R3,D4,,,,,,,,,Warm,Dry,Light,,,,1
040724E,4/3/24,,,P19,50,R3,D5,,,,,,,,,Warm,Dry,Light,,,,0
040724E,4/3/24,,,P19,50,R3,D6,,,,,,,,,Warm,Dry,Light,,,,0
040724E,4/3/24,,,P19,50,R3,D7,,,,,,,,,Warm,Dry,Light,,,,2
040724E,4/3/24,,,P19,50,R3,D8,,,,,,,,,Warm,Dry,Light,,,,0
040724E,4/3/24,,,P19,50,R3,D9,,,,,,,,,Warm,Dry,Light,,,,0
040724E,4/3/24,,,P19,50,R3,D10,,,,,,,,,Warm,Dry,Light,,,,1
040724E,4/3/24,,,P19,50,R3,D11,,,,,,,,,Warm,Dry,Light,,,,2
040724E,4/3/24,,,P19,50,R3,D12,,,,,,,,,Warm,Dry,Light,,,,2
040724E,4/3/24,,,P19,50,R4,E1,,,,,,,,,Warm,Dry,Light,,,,2
040724E,4/3/24,,,P19,50,R4,E2,,,,,,,,,Warm,Dry,Light,,,,0
040724E,4/3/24,,,P19,50,R4,E3,,,,,,,,,Warm,Dry,Light,,,,2
040724E,4/3/24,,,P19,50,R4,E4,,,,,,,,,Warm,Dry,Light,,,,2
040724E,4/3/24,,,P19,50,R4,E5,,,,,,,,,Warm,Dry,Light,,,,0
040724E,4/3/24,,,P19,50,R4,E6,,,,,,,,,Warm,Dry,Light,,,,0
040724E,4/3/24,,,P19,50,R4,E7,,,,,,,,,Warm,Dry,Light,,,,2
040724E,4/3/24,,,P19,50,R4,E8,,,,,,,,,Warm,Dry,Light,,,,0
040724E,4/3/24,,,P19,50,R4,E9,,,,,,,,,Warm,Dry,Light,,,,2
040724E,4/3/24,,,P19,50,R4,E10,,,,,,,,,Warm,Dry,Light,,,,2
040724E,4/3/24,,,P19,50,R4,E11,,,,,,,,,Warm,Dry,Light,,,,1
040724E,4/3/24,,,P19,50,R4,E12,,,,,,,,,Warm,Dry,Light,,,,2
040724E,4/3/24,,,P19,50,R4,F1,,,,,,,,,Warm,Dry,Light,,,,1
040724E,4/3/24,,,P19,50,R4,F2,6/25,HD,,,,,,,Warm,Dry,Light,,,,1
040724E,4/3/24,,,P19,50,R4,F3,,,,,,,,,Warm,Dry,Light,,,,0
040724E,4/3/24,,,P19,50,R4,F4,,,,,,,,,Warm,Dry,Light,,,,2
040724E,4/3/24,,,P19,50,R4,F5,,,,,,,,,Warm,Dry,Light,,,,2
040724E,4/3/24,,,P19,50,R4,F6,6/25,D,,,,,,,Warm,Dry,Light,,,,1
040724E,4/3/24,,,P19,50,R4,F7,4/19,HDE,,,,,,,Warm,Dry,Light,,,,0
040724E,4/3/24,,,P19,50,R4,F8,,,,,,,,,Warm,Dry,Light,,,,2
040724E,4/3/24,,,P19,50,R4,F9,,,,,,,,,Warm,Dry,Light,,,,1
040724E,4/3/24,,,P19,50,R4,F10,,,,,,,,,Warm,Dry,Light,,,,2
040724E,4/3/24,,,P19,50,R4,F11,,,,,,,,,Warm,Dry,Light,,,,2
040724E,4/3/24,,,P19,50,R4,F12,6/25,H,,,,,,,Warm,Dry,Light,,,,1
040724E,4/3/24,,,P19,50,R4,G1,,,,,,,,,Warm,Dry,Light,,,,2
040724E,4/3/24,,,P19,50,R4,G2,,,,,,,,,Warm,Dry,Light,,,,0
040724E,4/3/24,,,P19,50,R4,G3,,,,,,,,,Warm,Dry,Light,,,,2
040724E,4/3/24,,,P19,50,R4,G4,,,,,,,,,Warm,Dry,Light,,,,2
040724E,4/3/24,,,P19,50,R4,G5,,,,,,,,,Warm,Dry,Light,,,,1
040724E,4/3/24,,,P19,50,R4,G6,,,,,,,,,Warm,Dry,Light,,,,2
040724E,4/3/24,,,P19,50,R4,G7,,,,,,,,,Warm,Dry,Light,,,,2
040724E,4/3/24,,,P19,50,R4,G8,,,,,,,,,Warm,Dry,Light,,,,2
040724E,4/3/24,,,P19,50,R4,G9,,,,,,,,,Warm,Dry,Light,,,,2
040724E,4/3/24,,,P19,50,R4,G10,,,,,,,,,Warm,Dry,Light,,,,2
040724E,4/3/24,,,P19,50,R4,G11,,,,,,,,,Warm,Dry,Light,,,,2
040724E,4/3/24,,,P19,50,R4,G12,,,,,,,,,Warm,Dry,Light,,,,2
040724E,4/3/24,,,P19,50,R4,H1,6/25,HD,,,,,,,Warm,Dry,Light,,,,1
040724E,4/3/24,,,P19,50,R4,H2,,,,,,,,,Warm,Dry,Light,,,,1
040724E,4/3/24,,,P19,50,R4,H3,,,,,,,,,Warm,Dry,Light,,,,0
040724E,4/3/24,,,P19,50,R4,H4,6/25,D,,,,,,,Warm,Dry,Light,,,,0
040724E,4/3/24,,,P19,50,R4,H5,,,,,,,,,Warm,Dry,Light,,,,2
040724E,4/3/24,,,P19,50,R4,H6,,,,,,,,,Warm,Dry,Light,,,,2
040724E,4/3/24,,,P19,50,R4,H7,,,,,,,,,Warm,Dry,Light,,,,2
040724E,4/3/24,,,P19,50,R4,H8,,,,,,,,,Warm,Dry,Light,,,,0
040724E,4/3/24,,,P19,50,R4,H9,,,,,,,,,Warm,Dry,Light,,,,2
040724E,4/3/24,,,P19,50,R4,H10,,,,,,,,,Warm,Dry,Light,,,,2
040724E,4/3/24,,,P19,50,R4,H11,,,,,,,,,Warm,Dry,Light,,,,2
040724E,4/3/24,,,P19,50,R4,H12,,,,,,,,,Warm,Dry,Light,,,,0
040724F,4/3/24,,,P19,50,R3,A1,4/19,HDE,,,,,,,Warm,Dry,Dark,,,,
040724F,4/3/24,,,P19,50,R3,A2,4/19,DE,,,,,,,Warm,Dry,Dark,,,,
040724F,4/3/24,,,P19,50,R3,A3,,,,,,,,,Warm,Dry,Dark,,,,
040724F,4/3/24,,,P19,50,R3,A4,,,,,,,,,Warm,Dry,Dark,,,,
040724F,4/3/24,,,P19,50,R3,A5,,,,,,,,,Warm,Dry,Dark,,,,
040724F,4/3/24,,,P19,50,R3,A6,,,,,,,,,Warm,Dry,Dark,,,,
040724F,4/3/24,,,P19,50,R3,A7,4/19,HDE,,,,,,,Warm,Dry,Dark,,,,
040724F,4/3/24,,,P19,50,R3,A8,,,,,,,,,Warm,Dry,Dark,,,,
040724F,4/3/24,,,P19,50,R3,A9,,,,,,,,,Warm,Dry,Dark,,,,
040724F,4/3/24,,,P19,50,R3,A10,,,,,,,,,Warm,Dry,Dark,,,,
040724F,4/3/24,,,P19,50,R3,A11,,,,,,,,,Warm,Dry,Dark,,,,
040724F,4/3/24,,,P19,50,R3,A12,,,,,,,,,Warm,Dry,Dark,,,,
040724F,4/3/24,,,P19,50,R3,B1,,,,,,,,,Warm,Dry,Dark,,,,
040724F,4/3/24,,,P19,50,R3,B2,,,,,,,,,Warm,Dry,Dark,,,,
040724F,4/3/24,,,P19,50,R3,B3,,,,,,,,,Warm,Dry,Dark,,,,
040724F,4/3/24,,,P19,50,R3,B4,,,,,,,,,Warm,Dry,Dark,,,,
040724F,4/3/24,,,P19,50,R3,B5,4/19,HDE,,,,,,,Warm,Dry,Dark,,,,
040724F,4/3/24,,,P19,50,R3,B6,,,,,,,,,Warm,Dry,Dark,,,,
040724F,4/3/24,,,P19,50,R3,B7,,,,,,,,,Warm,Dry,Dark,,,,
040724F,4/3/24,,,P19,50,R3,B8,,,,,,,,,Warm,Dry,Dark,,,,
040724F,4/3/24,,,P19,50,R3,B9,,,,,,,,,Warm,Dry,Dark,,,,
040724F,4/3/24,,,P19,50,R3,B10,,,,,,,,,Warm,Dry,Dark,,,,
040724F,4/3/24,,,P19,50,R3,B11,,,,,,,,,Warm,Dry,Dark,,,,
040724F,4/3/24,,,P19,50,R3,B12,,,,,,,,,Warm,Dry,Dark,,,,
040724F,4/3/24,,,P19,50,R3,C1,,,,,,,,,Warm,Dry,Dark,,,,
040724F,4/3/24,,,P19,50,R3,C2,,,,,,,,,Warm,Dry,Dark,,,,
040724F,4/3/24,,,P19,50,R3,C3,,,,,,,,,Warm,Dry,Dark,,,,
040724F,4/3/24,,,P19,50,R3,C4,,,,,,,,,Warm,Dry,Dark,,,,
040724F,4/3/24,,,P19,50,R3,C5,6/21,HD,,,,,,,Warm,Dry,Dark,,,,
040724F,4/3/24,,,P19,50,R3,C6,,,,,,,,,Warm,Dry,Dark,,,,
040724F,4/3/24,,,P19,50,R3,C7,,,,,,,,,Warm,Dry,Dark,,,,
040724F,4/3/24,,,P19,50,R3,C8,,,,,,,,,Warm,Dry,Dark,,,,
040724F,4/3/24,,,P19,50,R3,C9,,,,,,,,,Warm,Dry,Dark,,,,
040724F,4/3/24,,,P19,50,R3,C10,,,,,,,,,Warm,Dry,Dark,,,,
040724F,4/3/24,,,P19,50,R3,C11,,,,,,,,,Warm,Dry,Dark,,,,
040724F,4/3/24,,,P19,50,R3,C12,,,,,,,,,Warm,Dry,Dark,,,,
040724F,4/3/24,,,P19,50,R3,D1,,,,,,,,,Warm,Dry,Dark,,,,
040724F,4/3/24,,,P19,50,R3,D2,6/21,HD,,,,,,,Warm,Dry,Dark,,,,
040724F,4/3/24,,,P19,50,R3,D3,,,,,,,,,Warm,Dry,Dark,,,,
040724F,4/3/24,,,P19,50,R3,D4,,,,,,,,,Warm,Dry,Dark,,,,
040724F,4/3/24,,,P19,50,R3,D5,,,,,,,,,Warm,Dry,Dark,,,,
040724F,4/3/24,,,P19,50,R3,D6,,,,,,,,,Warm,Dry,Dark,,,,
040724F,4/3/24,,,P19,50,R3,D7,,,,,,,,,Warm,Dry,Dark,,,,
040724F,4/3/24,,,P19,50,R3,D8,,,,,,,,,Warm,Dry,Dark,,,,
040724F,4/3/24,,,P19,50,R3,D9,,,,,,,,,Warm,Dry,Dark,,,,
040724F,4/3/24,,,P19,50,R3,D10,,,,,,,,,Warm,Dry,Dark,,,,
040724F,4/3/24,,,P19,50,R3,D11,,,,,,,,,Warm,Dry,Dark,,,,
040724F,4/3/24,,,P19,50,R3,D12,,,,,,,,,Warm,Dry,Dark,,,,
040724F,4/3/24,,,P19,50,R4,E1,,,,,,,,,Warm,Dry,Dark,,,,
040724F,4/3/24,,,P19,50,R4,E2,,,,,,,,,Warm,Dry,Dark,,,,
040724F,4/3/24,,,P19,50,R4,E3,,,,,,,,,Warm,Dry,Dark,,,,
040724F,4/3/24,,,P19,50,R4,E4,,,,,,,,,Warm,Dry,Dark,,,,
040724F,4/3/24,,,P19,50,R4,E5,,,,,,,,,Warm,Dry,Dark,,,,
040724F,4/3/24,,,P19,50,R4,E6,,,,,,,,,Warm,Dry,Dark,,,,
040724F,4/3/24,,,P19,50,R4,E7,,,,,,,,,Warm,Dry,Dark,,,,
040724F,4/3/24,,,P19,50,R4,E8,,,,,,,,,Warm,Dry,Dark,,,,
040724F,4/3/24,,,P19,50,R4,E9,,,,,,,,,Warm,Dry,Dark,,,,
040724F,4/3/24,,,P19,50,R4,E10,,,,,,,,,Warm,Dry,Dark,,,,
040724F,4/3/24,,,P19,50,R4,E11,,,,,,,,,Warm,Dry,Dark,,,,
040724F,4/3/24,,,P19,50,R4,E12,,,,,,,,,Warm,Dry,Dark,,,,
040724F,4/3/24,,,P19,50,R4,F1,,,,,,,,,Warm,Dry,Dark,,,,
040724F,4/3/24,,,P19,50,R4,F2,,,,,,,,,Warm,Dry,Dark,,,,
040724F,4/3/24,,,P19,50,R4,F3,,,,,,,,,Warm,Dry,Dark,,,,
040724F,4/3/24,,,P19,50,R4,F4,,,,,,,,,Warm,Dry,Dark,,,,
040724F,4/3/24,,,P19,50,R4,F5,,,,,,,,,Warm,Dry,Dark,,,,
040724F,4/3/24,,,P19,50,R4,F6,,,,,,,,,Warm,Dry,Dark,,,,
040724F,4/3/24,,,P19,50,R4,F7,,,,,,,,,Warm,Dry,Dark,,,,
040724F,4/3/24,,,P19,50,R4,F8,,,,,,,,,Warm,Dry,Dark,,,,
040724F,4/3/24,,,P19,50,R4,F9,,,,,,,,,Warm,Dry,Dark,,,,
040724F,4/3/24,,,P19,50,R4,F10,,,,,,,,,Warm,Dry,Dark,,,,
040724F,4/3/24,,,P19,50,R4,F11,6/21,H,,,,,,,Warm,Dry,Dark,,,,
040724F,4/3/24,,,P19,50,R4,F12,,,,,,,,,Warm,Dry,Dark,,,,
040724F,4/3/24,,,P19,50,R4,G1,,,,,,,,,Warm,Dry,Dark,,,,
040724F,4/3/24,,,P19,50,R4,G2,,,,,,,,,Warm,Dry,Dark,,,,
040724F,4/3/24,,,P19,50,R4,G3,,,,,,,,,Warm,Dry,Dark,,,,
040724F,4/3/24,,,P19,50,R4,G4,,,,,,,,,Warm,Dry,Dark,,,,
040724F,4/3/24,,,P19,50,R4,G5,,,,,,,,,Warm,Dry,Dark,,,,
040724F,4/3/24,,,P19,50,R4,G6,6/21,HD,,,,,,,Warm,Dry,Dark,,,,
040724F,4/3/24,,,P19,50,R4,G7,,,,,,,,,Warm,Dry,Dark,,,,
040724F,4/3/24,,,P19,50,R4,G8,,,,,,,,,Warm,Dry,Dark,,,,
040724F,4/3/24,,,P19,50,R4,G9,,,,,,,,,Warm,Dry,Dark,,,,
040724F,4/3/24,,,P19,50,R4,G10,,,,,,,,,Warm,Dry,Dark,,,,
040724F,4/3/24,,,P19,50,R4,G11,,,,,,,,,Warm,Dry,Dark,,,,
040724F,4/3/24,,,P19,50,R4,G12,,,,,,,,,Warm,Dry,Dark,,,,
040724F,4/3/24,,,P19,50,R4,H1,,,,,,,,,Warm,Dry,Dark,,,,
040724F,4/3/24,,,P19,50,R4,H2,,,,,,,,,Warm,Dry,Dark,,,,
040724F,4/3/24,,,P19,50,R4,H3,,,,,,,,,Warm,Dry,Dark,,,,
040724F,4/3/24,,,P19,50,R4,H4,,,,,,,,,Warm,Dry,Dark,,,,
040724F,4/3/24,,,P19,50,R4,H5,,,,,,,,,Warm,Dry,Dark,,,,
040724F,4/3/24,,,P19,50,R4,H6,,,,,,,,,Warm,Dry,Dark,,,,
040724F,4/3/24,,,P19,50,R4,H7,,,,,,,,,Warm,Dry,Dark,,,,
040724F,4/3/24,,,P19,50,R4,H8,,,,,,,,,Warm,Dry,Dark,,,,
040724F,4/3/24,,,P19,50,R4,H9,,,,,,,,,Warm,Dry,Dark,,,,
040724F,4/3/24,,,P19,50,R4,H10,,,,,,,,,Warm,Dry,Dark,,,,
040724F,4/3/24,,,P19,50,R4,H11,,,,,,,,,Warm,Dry,Dark,,,,
040724F,4/3/24,,,P19,50,R4,H12,,,,,,,,,Warm,Dry,Dark,,,,
042724A,4/3/24,,,P19,50,R1,A1,,,,,,,,,Cold,Dry,Light,,,,
042724A,4/3/24,,,P19,50,R1,A2,5/3,HDE,,,,,,,Cold,Dry,Light,,,,
042724A,4/3/24,,,P19,50,R1,A3,,,,,,,,,Cold,Dry,Light,,,,
042724A,4/3/24,,,P19,50,R1,A4,,,,,,,,,Cold,Dry,Light,,,,
042724A,4/3/24,,,P19,50,R1,A5,,,,,,,,,Cold,Dry,Light,,,,
042724A,4/3/24,,,P19,50,R1,A6,,,,,,,,,Cold,Dry,Light,,,,
042724A,4/3/24,,,P19,50,R1,A7,,,,,,,,,Cold,Dry,Light,,,,
042724A,4/3/24,,,P19,50,R1,A8,,,,,,,,,Cold,Dry,Light,,,,
042724A,4/3/24,,,P19,50,R1,A9,,,,,,,,,Cold,Dry,Light,,,,
042724A,4/3/24,,,P19,50,R1,A10,,,,,,,,,Cold,Dry,Light,,,,
042724A,4/3/24,,,P19,50,R1,A11,,,,,,,,,Cold,Dry,Light,,,,
042724A,4/3/24,,,P19,50,R1,A12,,,,,,,,,Cold,Dry,Light,,,,
042724A,4/3/24,,,P19,50,R1,B1,,,,,,,,,Cold,Dry,Light,,,,
042724A,4/3/24,,,P19,50,R1,B2,,,,,,,,,Cold,Dry,Light,,,,
042724A,4/3/24,,,P19,50,R1,B3,,,,,,,,,Cold,Dry,Light,,,,
042724A,4/3/24,,,P19,50,R1,B4,,,,,,,,,Cold,Dry,Light,,,,
042724A,4/3/24,,,P19,50,R1,B5,,,,,,,,,Cold,Dry,Light,,,,
042724A,4/3/24,,,P19,50,R1,B6,,,,,,,,,Cold,Dry,Light,,,,
042724A,4/3/24,,,P19,50,R1,B7,6/14,H,,,,,,,Cold,Dry,Light,,,,
042724A,4/3/24,,,P19,50,R1,B8,,,,,,,,,Cold,Dry,Light,,,,
042724A,4/3/24,,,P19,50,R1,B9,,,,,,,,,Cold,Dry,Light,,,,
042724A,4/3/24,,,P19,50,R1,B10,,,,,,,,,Cold,Dry,Light,,,,
042724A,4/3/24,,,P19,50,R1,B11,,,,,,,,,Cold,Dry,Light,,,,
042724A,4/3/24,,,P19,50,R1,B12,,,,,,,,,Cold,Dry,Light,,,,
042724A,4/3/24,,,P19,50,R1,C1,6/18,H,6/25,HD,,,,,Cold,Dry,Light,,,,
042724A,4/3/24,,,P19,50,R1,C2,6/25,HD,,,,,,,Cold,Dry,Light,,,,
042724A,4/3/24,,,P19,50,R1,C3,,,,,,,,,Cold,Dry,Light,,,,
042724A,4/3/24,,,P19,50,R1,C4,,,,,,,,,Cold,Dry,Light,,,,
042724A,4/3/24,,,P19,50,R1,C5,,,,,,,,,Cold,Dry,Light,,,,
042724A,4/3/24,,,P19,50,R1,C6,6/25,HD,,,,,,,Cold,Dry,Light,,,,
042724A,4/3/24,,,P19,50,R1,C7,,,,,,,,,Cold,Dry,Light,,,,
042724A,4/3/24,,,P19,50,R1,C8,,,,,,,,,Cold,Dry,Light,,,,
042724A,4/3/24,,,P19,50,R1,C9,,,,,,,,,Cold,Dry,Light,,,,
042724A,4/3/24,,,P19,50,R1,C10,,,,,,,,,Cold,Dry,Light,,,,
042724A,4/3/24,,,P19,50,R1,C11,5/3,HDE,,,,,,,Cold,Dry,Light,,,,
042724A,4/3/24,,,P19,50,R1,C12,,,,,,,,,Cold,Dry,Light,,,,
042724A,4/3/24,,,P19,50,R1,D1,,,,,,,,,Cold,Dry,Light,,,,
042724A,4/3/24,,,P19,50,R1,D2,,,,,,,,,Cold,Dry,Light,,,,
042724A,4/3/24,,,P19,50,R1,D3,,,,,,,,,Cold,Dry,Light,,,,
042724A,4/3/24,,,P19,50,R1,D4,,,,,,,,,Cold,Dry,Light,,,,
042724A,4/3/24,,,P19,50,R1,D5,,,,,,,,,Cold,Dry,Light,,,,
042724A,4/3/24,,,P19,50,R1,D6,,,,,,,,,Cold,Dry,Light,,,,
042724A,4/3/24,,,P19,50,R1,D7,,,,,,,,,Cold,Dry,Light,,,,
042724A,4/3/24,,,P19,50,R1,D8,,,,,,,,,Cold,Dry,Light,,,,
042724A,4/3/24,,,P19,50,R1,D9,,,,,,,,,Cold,Dry,Light,,,,
042724A,4/3/24,,,P19,50,R1,D10,,,,,,,,,Cold,Dry,Light,,,,
042724A,4/3/24,,,P19,50,R1,D11,,,,,,,,,Cold,Dry,Light,,,,
042724A,4/3/24,,,P19,50,R1,D12,,,,,,,,,Cold,Dry,Light,,,,
042724A,4/3/24,,,P19,50,R3,E1,5/3,HDE,5/3,HDE,,,,,Cold,Dry,Light,,,,
042724A,4/3/24,,,P19,50,R3,E2,,,,,,,,,Cold,Dry,Light,,,,
042724A,4/3/24,,,P19,50,R3,E3,5/3,HDE,,,,,,,Cold,Dry,Light,,,,
042724A,4/3/24,,,P19,50,R3,E4,,,,,,,,,Cold,Dry,Light,,,,
042724A,4/3/24,,,P19,50,R3,E5,,,,,,,,,Cold,Dry,Light,,,,
042724A,4/3/24,,,P19,50,R3,E6,,,,,,,,,Cold,Dry,Light,,,,
042724A,4/3/24,,,P19,50,R3,E7,5/3,HDE,,,,,,,Cold,Dry,Light,,,,
042724A,4/3/24,,,P19,50,R3,E8,,,,,,,,,Cold,Dry,Light,,,,
042724A,4/3/24,,,P19,50,R3,E9,,,,,,,,,Cold,Dry,Light,,,,
042724A,4/3/24,,,P19,50,R3,E10,,,,,,,,,Cold,Dry,Light,,,,
042724A,4/3/24,,,P19,50,R3,E11,5/3,HDE,,,,,,,Cold,Dry,Light,,,,
042724A,4/3/24,,,P19,50,R3,E12,,,,,,,,,Cold,Dry,Light,,,,
042724A,4/3/24,,,P19,50,R3,F1,,,,,,,,,Cold,Dry,Light,,,,
042724A,4/3/24,,,P19,50,R3,F2,,,,,,,,,Cold,Dry,Light,,,,
042724A,4/3/24,,,P19,50,R3,F3,,,,,,,,,Cold,Dry,Light,,,,
042724A,4/3/24,,,P19,50,R3,F4,,,,,,,,,Cold,Dry,Light,,,,
042724A,4/3/24,,,P19,50,R3,F5,5/3,HDE,,,,,,,Cold,Dry,Light,,,,
042724A,4/3/24,,,P19,50,R3,F6,,,,,,,,,Cold,Dry,Light,,,,
042724A,4/3/24,,,P19,50,R3,F7,,,,,,,,,Cold,Dry,Light,,,,
042724A,4/3/24,,,P19,50,R3,F8,,,,,,,,,Cold,Dry,Light,,,,
042724A,4/3/24,,,P19,50,R3,F9,5/3,HDE,,,,,,,Cold,Dry,Light,,,,
042724A,4/3/24,,,P19,50,R3,F10,,,,,,,,,Cold,Dry,Light,,,,
042724A,4/3/24,,,P19,50,R3,F11,,,,,,,,,Cold,Dry,Light,,,,
042724A,4/3/24,,,P19,50,R3,F12,6/25,D,,,,,,,Cold,Dry,Light,,,,
042724A,4/3/24,,,P19,50,R3,G1,6/18,H,6/18,H,,,,,Cold,Dry,Light,,,,
042724A,4/3/24,,,P19,50,R3,G2,,,,,,,,,Cold,Dry,Light,,,,
042724A,4/3/24,,,P19,50,R3,G3,,,,,,,,,Cold,Dry,Light,,,,
042724A,4/3/24,,,P19,50,R3,G4,,,,,,,,,Cold,Dry,Light,,,,
042724A,4/3/24,,,P19,50,R3,G5,,,,,,,,,Cold,Dry,Light,,,,
042724A,4/3/24,,,P19,50,R3,G6,,,,,,,,,Cold,Dry,Light,,,,
042724A,4/3/24,,,P19,50,R3,G7,,,,,,,,,Cold,Dry,Light,,,,
042724A,4/3/24,,,P19,50,R3,G8,,,,,,,,,Cold,Dry,Light,,,,
042724A,4/3/24,,,P19,50,R3,G9,,,,,,,,,Cold,Dry,Light,,,,
042724A,4/3/24,,,P19,50,R3,G10,5/3,HDE,,,,,,,Cold,Dry,Light,,,,
042724A,4/3/24,,,P19,50,R3,G11,,,,,,,,,Cold,Dry,Light,,,,
042724A,4/3/24,,,P19,50,R3,G12,,,,,,,,,Cold,Dry,Light,,,,
042724A,4/3/24,,,P19,50,R3,H1,,,,,,,,,Cold,Dry,Light,,,,
042724A,4/3/24,,,P19,50,R3,H2,,,,,,,,,Cold,Dry,Light,,,,
042724A,4/3/24,,,P19,50,R3,H3,,,,,,,,,Cold,Dry,Light,,,,
042724A,4/3/24,,,P19,50,R3,H4,,,,,,,,,Cold,Dry,Light,,,,
042724A,4/3/24,,,P19,50,R3,H5,,,,,,,,,Cold,Dry,Light,,,,
042724A,4/3/24,,,P19,50,R3,H6,,,,,,,,,Cold,Dry,Light,,,,
042724A,4/3/24,,,P19,50,R3,H7,,,,,,,,,Cold,Dry,Light,,,,
042724A,4/3/24,,,P19,50,R3,H8,,,,,,,,,Cold,Dry,Light,,,,
042724A,4/3/24,,,P19,50,R3,H9,,,,,,,,,Cold,Dry,Light,,,,
042724A,4/3/24,,,P19,50,R3,H10,,,,,,,,,Cold,Dry,Light,,,,
042724A,4/3/24,,,P19,50,R3,H11,,,,,,,,,Cold,Dry,Light,,,,
042724A,4/3/24,,,P19,50,R3,H12,5/3,HDE,,,,,,,Cold,Dry,Light,,,,
042724B,4/3/24,,,P19,50,R1,A1,X,,,,,,,,Cold,Wet,Light,,,,
042724B,4/3/24,,,P19,50,R1,A2,X,,X,,,,,,Cold,Wet,Light,,,,
042724B,4/3/24,,,P19,50,R1,A3,,,,,,,,,Cold,Wet,Light,,,,
042724B,4/3/24,,,P19,50,R1,A4,,,,,,,,,Cold,Wet,Light,,,,
042724B,4/3/24,,,P19,50,R1,A5,X,,X,,,,,,Cold,Wet,Light,,,,
042724B,4/3/24,,,P19,50,R1,A6,,,,,,,,,Cold,Wet,Light,,,,
042724B,4/3/24,,,P19,50,R1,A7,6/7,HD,,,,,,,Cold,Wet,Light,,,,
042724B,4/3/24,,,P19,50,R1,A8,X,,,,,,,,Cold,Wet,Light,,,,
042724B,4/3/24,,,P19,50,R1,A9,,,,,,,,,Cold,Wet,Light,,,,
042724B,4/3/24,,,P19,50,R1,A10,X,,6/14,HD,,,,,Cold,Wet,Light,,,,
042724B,4/3/24,,,P19,50,R1,A11,6/14,HD,,,,,,,Cold,Wet,Light,,,,
042724B,4/3/24,,,P19,50,R1,A12,,,,,,,,,Cold,Wet,Light,,,,
042724B,4/3/24,,,P19,50,R1,B1,,,,,,,,,Cold,Wet,Light,,,,
042724B,4/3/24,,,P19,50,R1,B2,X,,,,,,,,Cold,Wet,Light,,,,
042724B,4/3/24,,,P19,50,R1,B3,,,,,,,,,Cold,Wet,Light,,,,
042724B,4/3/24,,,P19,50,R1,B4,,,,,,,,,Cold,Wet,Light,,,,
042724B,4/3/24,,,P19,50,R1,B5,6/7,HD,,,,,,,Cold,Wet,Light,,,,
042724B,4/3/24,,,P19,50,R1,B6,X,,X,,,,,,Cold,Wet,Light,,,,
042724B,4/3/24,,,P19,50,R1,B7,6/7,HD,,,,,,,Cold,Wet,Light,,,,
042724B,4/3/24,,,P19,50,R1,B8,6/14,HD,,,,,,,Cold,Wet,Light,,,,
042724B,4/3/24,,,P19,50,R1,B9,,,,,,,,,Cold,Wet,Light,,,,
042724B,4/3/24,,,P19,50,R1,B10,X,,,,,,,,Cold,Wet,Light,,,,
042724B,4/3/24,,,P19,50,R1,B11,,,,,,,,,Cold,Wet,Light,,,,
042724B,4/3/24,,,P19,50,R1,B12,X,,X,,,,,,Cold,Wet,Light,,,,
042724B,4/3/24,,,P19,50,R1,C1,X,,,,,,,,Cold,Wet,Light,,,,
042724B,4/3/24,,,P19,50,R1,C2,X,,X,,,,,,Cold,Wet,Light,,,,
042724B,4/3/24,,,P19,50,R1,C3,,,,,,,,,Cold,Wet,Light,,,,
042724B,4/3/24,,,P19,50,R1,C4,X,,X,,,,,,Cold,Wet,Light,,,,
042724B,4/3/24,,,P19,50,R1,C5,X,,,,,,,,Cold,Wet,Light,,,,
042724B,4/3/24,,,P19,50,R1,C6,X,,,,,,,,Cold,Wet,Light,,,,
042724B,4/3/24,,,P19,50,R1,C7,X,,X,,,,,,Cold,Wet,Light,,,,
042724B,4/3/24,,,P19,50,R1,C8,6/14,HD,6/14,HD,,,,,Cold,Wet,Light,,,,
042724B,4/3/24,,,P19,50,R1,C9,,,,,,,,,Cold,Wet,Light,,,,
042724B,4/3/24,,,P19,50,R1,C10,X,,,,,,,,Cold,Wet,Light,,,,
042724B,4/3/24,,,P19,50,R1,C11,,,,,,,,,Cold,Wet,Light,,,,
042724B,4/3/24,,,P19,50,R1,C12,,,,,,,,,Cold,Wet,Light,,,,
042724B,4/3/24,,,P19,50,R1,D1,,,,,,,,,Cold,Wet,Light,,,,
042724B,4/3/24,,,P19,50,R1,D2,6/14,HD,,,,,,,Cold,Wet,Light,,,,
042724B,4/3/24,,,P19,50,R1,D3,6/14,HD,X,,,,,,Cold,Wet,Light,,,,
042724B,4/3/24,,,P19,50,R1,D4,6/14,HD,6/14,HD,X,,,,Cold,Wet,Light,,,,
042724B,4/3/24,,,P19,50,R1,D5,6/14,HD,,,,,,,Cold,Wet,Light,,,,
042724B,4/3/24,,,P19,50,R1,D6,,,,,,,,,Cold,Wet,Light,,,,
042724B,4/3/24,,,P19,50,R1,D7,6/14,HD,,,,,,,Cold,Wet,Light,,,,
042724B,4/3/24,,,P19,50,R1,D8,X,,X,,,,,,Cold,Wet,Light,,,,
042724B,4/3/24,,,P19,50,R1,D9,,,,,,,,,Cold,Wet,Light,,,,
042724B,4/3/24,,,P19,50,R1,D10,X,,X,,,,,,Cold,Wet,Light,,,,
042724B,4/3/24,,,P19,50,R1,D11,X,,X,,,,,,Cold,Wet,Light,,,,
042724B,4/3/24,,,P19,50,R1,D12,X,,X,,,,,,Cold,Wet,Light,,,,
042724B,4/3/24,,,P19,50,R3,E1,6/14,HD,,,,,,,Cold,Wet,Light,,,,
042724B,4/3/24,,,P19,50,R3,E2,,,,,,,,,Cold,Wet,Light,,,,
042724B,4/3/24,,,P19,50,R3,E3,,,,,,,,,Cold,Wet,Light,,,,
042724B,4/3/24,,,P19,50,R3,E4,5/3,HDE,6/14,HD,,,,,Cold,Wet,Light,,,,
042724B,4/3/24,,,P19,50,R3,E5,6/7,HD,,,,,,,Cold,Wet,Light,,,,
042724B,4/3/24,,,P19,50,R3,E6,6/7,HD,,,,,,,Cold,Wet,Light,,,,
042724B,4/3/24,,,P19,50,R3,E7,X,,,,,,,,Cold,Wet,Light,,,,
042724B,4/3/24,,,P19,50,R3,E8,X,,X,,,,,,Cold,Wet,Light,,,,
042724B,4/3/24,,,P19,50,R3,E9,X,,,,,,,,Cold,Wet,Light,,,,
042724B,4/3/24,,,P19,50,R3,E10,,,,,,,,,Cold,Wet,Light,,,,
042724B,4/3/24,,,P19,50,R3,E11,6/14,HD,,,,,,,Cold,Wet,Light,,,,
042724B,4/3/24,,,P19,50,R3,E12,,,,,,,,,Cold,Wet,Light,,,,
042724B,4/3/24,,,P19,50,R3,F1,X,,X,,,,,,Cold,Wet,Light,,,,
042724B,4/3/24,,,P19,50,R3,F2,,,,,,,,,Cold,Wet,Light,,,,
042724B,4/3/24,,,P19,50,R3,F3,X,,,,,,,,Cold,Wet,Light,,,,
042724B,4/3/24,,,P19,50,R3,F4,X,,,,,,,,Cold,Wet,Light,,,,
042724B,4/3/24,,,P19,50,R3,F5,6/14,HD,,,,,,,Cold,Wet,Light,,,,
042724B,4/3/24,,,P19,50,R3,F6,6/14,HD,X,,,,,,Cold,Wet,Light,,,,
042724B,4/3/24,,,P19,50,R3,F7,6/14,D,X,,,,,,Cold,Wet,Light,,,,
042724B,4/3/24,,,P19,50,R3,F8,6/14,HD,X,,,,,,Cold,Wet,Light,,,,
042724B,4/3/24,,,P19,50,R3,F9,,,,,,,,,Cold,Wet,Light,,,,
042724B,4/3/24,,,P19,50,R3,F10,5/3,HDE,,,,,,,Cold,Wet,Light,,,,
042724B,4/3/24,,,P19,50,R3,F11,X,,,,,,,,Cold,Wet,Light,,,,
042724B,4/3/24,,,P19,50,R3,F12,6/14,HD,6/14,HD,,,,,Cold,Wet,Light,,,,
042724B,4/3/24,,,P19,50,R3,G1,X,,,,,,,,Cold,Wet,Light,,,,
042724B,4/3/24,,,P19,50,R3,G2,X,,,,,,,,Cold,Wet,Light,,,,
042724B,4/3/24,,,P19,50,R3,G3,X,,,,,,,,Cold,Wet,Light,,,,
042724B,4/3/24,,,P19,50,R3,G4,6/14,HD,,,,,,,Cold,Wet,Light,,,,
042724B,4/3/24,,,P19,50,R3,G5,6/14,HD,,,,,,,Cold,Wet,Light,,,,
042724B,4/3/24,,,P19,50,R3,G6,,,,,,,,,Cold,Wet,Light,,,,
042724B,4/3/24,,,P19,50,R3,G7,,,,,,,,,Cold,Wet,Light,,,,
042724B,4/3/24,,,P19,50,R3,G8,X,,,,,,,,Cold,Wet,Light,,,,
042724B,4/3/24,,,P19,50,R3,G9,,,,,,,,,Cold,Wet,Light,,,,
042724B,4/3/24,,,P19,50,R3,G10,6/14,HD,,,,,,,Cold,Wet,Light,,,,
042724B,4/3/24,,,P19,50,R3,G11,,,,,,,,,Cold,Wet,Light,,,,
042724B,4/3/24,,,P19,50,R3,G12,6/14,HD,,,,,,,Cold,Wet,Light,,,,
042724B,4/3/24,,,P19,50,R3,H1,X,,,,,,,,Cold,Wet,Light,,,,
042724B,4/3/24,,,P19,50,R3,H2,X,,,,,,,,Cold,Wet,Light,,,,
042724B,4/3/24,,,P19,50,R3,H3,X,,X,,,,,,Cold,Wet,Light,,,,
042724B,4/3/24,,,P19,50,R3,H4,,,,,,,,,Cold,Wet,Light,,,,
042724B,4/3/24,,,P19,50,R3,H5,6/14,HD,,,,,,,Cold,Wet,Light,,,,
042724B,4/3/24,,,P19,50,R3,H6,X,,X,,,,,,Cold,Wet,Light,,,,
042724B,4/3/24,,,P19,50,R3,H7,X,,,,,,,,Cold,Wet,Light,,,,
042724B,4/3/24,,,P19,50,R3,H8,,,,,,,,,Cold,Wet,Light,,,,
042724B,4/3/24,,,P19,50,R3,H9,,,,,,,,,Cold,Wet,Light,,,,
042724B,4/3/24,,,P19,50,R3,H10,X,,,,,,,,Cold,Wet,Light,,,,
042724B,4/3/24,,,P19,50,R3,H11,X,,,,,,,,Cold,Wet,Light,,,,
042724B,4/3/24,,,P19,50,R3,H12,6/14,HD,,,,,,,Cold,Wet,Light,,,,
042724C,4/3/24,,,P19,50,R4,A1,,,,,,,,,Cold,Dry,Light,,,,
042724C,4/3/24,,,P19,50,R4,A2,,,,,,,,,Cold,Dry,Light,,,,
042724C,4/3/24,,,P19,50,R4,A3,,,,,,,,,Cold,Dry,Light,,,,
042724C,4/3/24,,,P19,50,R4,A4,,,,,,,,,Cold,Dry,Light,,,,
042724C,4/3/24,,,P19,50,R4,A5,5/3,HDE,,,,,,,Cold,Dry,Light,,,,
042724C,4/3/24,,,P19,50,R4,A6,,,,,,,,,Cold,Dry,Light,,,,
042724C,4/3/24,,,P19,50,R4,A7,,,,,,,,,Cold,Dry,Light,,,,
042724C,4/3/24,,,P19,50,R4,A8,6/25,HD,,,,,,,Cold,Dry,Light,,,,
042724C,4/3/24,,,P19,50,R4,A9,,,,,,,,,Cold,Dry,Light,,,,
042724C,4/3/24,,,P19,50,R4,A10,,,,,,,,,Cold,Dry,Light,,,,
042724C,4/3/24,,,P19,50,R4,A11,,,,,,,,,Cold,Dry,Light,,,,
042724C,4/3/24,,,P19,50,R4,A12,,,,,,,,,Cold,Dry,Light,,,,
042724C,4/3/24,,,P19,50,R4,B1,,,,,,,,,Cold,Dry,Light,,,,
042724C,4/3/24,,,P19,50,R4,B2,,,,,,,,,Cold,Dry,Light,,,,
042724C,4/3/24,,,P19,50,R4,B3,,,,,,,,,Cold,Dry,Light,,,,
042724C,4/3/24,,,P19,50,R4,B4,,,,,,,,,Cold,Dry,Light,,,,
042724C,4/3/24,,,P19,50,R4,B5,,,,,,,,,Cold,Dry,Light,,,,
042724C,4/3/24,,,P19,50,R4,B6,5/3,HDE,,,,,,,Cold,Dry,Light,,,,
042724C,4/3/24,,,P19,50,R4,B7,5/3,HDE,,,,,,,Cold,Dry,Light,,,,
042724C,4/3/24,,,P19,50,R4,B8,,,,,,,,,Cold,Dry,Light,,,,
042724C,4/3/24,,,P19,50,R4,B9,,,,,,,,,Cold,Dry,Light,,,,
042724C,4/3/24,,,P19,50,R4,B10,,,,,,,,,Cold,Dry,Light,,,,
042724C,4/3/24,,,P19,50,R4,B11,,,,,,,,,Cold,Dry,Light,,,,
042724C,4/3/24,,,P19,50,R4,B12,,,,,,,,,Cold,Dry,Light,,,,
042724C,4/3/24,,,P19,50,R4,C1,,,,,,,,,Cold,Dry,Light,,,,
042724C,4/3/24,,,P19,50,R4,C2,,,,,,,,,Cold,Dry,Light,,,,
042724C,4/3/24,,,P19,50,R4,C3,,,,,,,,,Cold,Dry,Light,,,,
042724C,4/3/24,,,P19,50,R4,C4,,,,,,,,,Cold,Dry,Light,,,,
042724C,4/3/24,,,P19,50,R4,C5,6/25,D,,,,,,,Cold,Dry,Light,,,,
042724C,4/3/24,,,P19,50,R4,C6,,,,,,,,,Cold,Dry,Light,,,,
042724C,4/3/24,,,P19,50,R4,C7,,,,,,,,,Cold,Dry,Light,,,,
042724C,4/3/24,,,P19,50,R4,C8,,,,,,,,,Cold,Dry,Light,,,,
042724C,4/3/24,,,P19,50,R4,C9,,,,,,,,,Cold,Dry,Light,,,,
042724C,4/3/24,,,P19,50,R4,C10,,,,,,,,,Cold,Dry,Light,,,,
042724C,4/3/24,,,P19,50,R4,C11,,,,,,,,,Cold,Dry,Light,,,,
042724C,4/3/24,,,P19,50,R4,C12,,,,,,,,,Cold,Dry,Light,,,,
042724C,4/3/24,,,P19,50,R4,D1,,,,,,,,,Cold,Dry,Light,,,,
042724C,4/3/24,,,P19,50,R4,D2,,,,,,,,,Cold,Dry,Light,,,,
042724C,4/3/24,,,P19,50,R4,D3,,,,,,,,,Cold,Dry,Light,,,,
042724C,4/3/24,,,P19,50,R4,D4,,,,,,,,,Cold,Dry,Light,,,,
042724C,4/3/24,,,P19,50,R4,D5,,,,,,,,,Cold,Dry,Light,,,,
042724C,4/3/24,,,P19,50,R4,D6,,,,,,,,,Cold,Dry,Light,,,,
042724C,4/3/24,,,P19,50,R4,D7,,,,,,,,,Cold,Dry,Light,,,,
042724C,4/3/24,,,P19,50,R4,D8,,,,,,,,,Cold,Dry,Light,,,,
042724C,4/3/24,,,P19,50,R4,D9,,,,,,,,,Cold,Dry,Light,,,,
042724C,4/3/24,,,P19,50,R4,D10,,,,,,,,,Cold,Dry,Light,,,,
042724C,4/3/24,,,P19,50,R4,D11,,,,,,,,,Cold,Dry,Light,,,,
042724C,4/3/24,,,P19,50,R4,D12,,,,,,,,,Cold,Dry,Light,,,,
042724C,4/3/24,,,P19,50,R5,E1,,,,,,,,,Cold,Dry,Light,,,,
042724C,4/3/24,,,P19,50,R5,E2,,,,,,,,,Cold,Dry,Light,,,,
042724C,4/3/24,,,P19,50,R5,E3,,,,,,,,,Cold,Dry,Light,,,,
042724C,4/3/24,,,P19,50,R5,E4,,,,,,,,,Cold,Dry,Light,,,,
042724C,4/3/24,,,P19,50,R5,E5,,,,,,,,,Cold,Dry,Light,,,,
042724C,4/3/24,,,P19,50,R5,E6,,,,,,,,,Cold,Dry,Light,,,,
042724C,4/3/24,,,P19,50,R5,E7,6/25,D,,,,,,,Cold,Dry,Light,,,,
042724C,4/3/24,,,P19,50,R5,E8,,,,,,,,,Cold,Dry,Light,,,,
042724C,4/3/24,,,P19,50,R5,E9,,,,,,,,,Cold,Dry,Light,,,,
042724C,4/3/24,,,P19,50,R5,E10,5/3,HDE,,,,,,,Cold,Dry,Light,,,,
042724C,4/3/24,,,P19,50,R5,E11,,,,,,,,,Cold,Dry,Light,,,,
042724C,4/3/24,,,P19,50,R5,E12,,,,,,,,,Cold,Dry,Light,,,,
042724C,4/3/24,,,P19,50,R5,F1,,,,,,,,,Cold,Dry,Light,,,,
042724C,4/3/24,,,P19,50,R5,F2,,,,,,,,,Cold,Dry,Light,,,,
042724C,4/3/24,,,P19,50,R5,F3,,,,,,,,,Cold,Dry,Light,,,,
042724C,4/3/24,,,P19,50,R5,F4,,,,,,,,,Cold,Dry,Light,,,,
042724C,4/3/24,,,P19,50,R5,F5,,,,,,,,,Cold,Dry,Light,,,,
042724C,4/3/24,,,P19,50,R5,F6,,,,,,,,,Cold,Dry,Light,,,,
042724C,4/3/24,,,P19,50,R5,F7,,,,,,,,,Cold,Dry,Light,,,,
042724C,4/3/24,,,P19,50,R5,F8,,,,,,,,,Cold,Dry,Light,,,,
042724C,4/3/24,,,P19,50,R5,F9,,,,,,,,,Cold,Dry,Light,,,,
042724C,4/3/24,,,P19,50,R5,F10,,,,,,,,,Cold,Dry,Light,,,,
042724C,4/3/24,,,P19,50,R5,F11,,,,,,,,,Cold,Dry,Light,,,,
042724C,4/3/24,,,P19,50,R5,F12,,,,,,,,,Cold,Dry,Light,,,,
042724C,4/3/24,,,P19,50,R5,G1,6/25,D,,,,,,,Cold,Dry,Light,,,,
042724C,4/3/24,,,P19,50,R5,G2,,,,,,,,,Cold,Dry,Light,,,,
042724C,4/3/24,,,P19,50,R5,G3,,,,,,,,,Cold,Dry,Light,,,,
042724C,4/3/24,,,P19,50,R5,G4,,,,,,,,,Cold,Dry,Light,,,,
042724C,4/3/24,,,P19,50,R5,G5,,,,,,,,,Cold,Dry,Light,,,,
042724C,4/3/24,,,P19,50,R5,G6,,,,,,,,,Cold,Dry,Light,,,,
042724C,4/3/24,,,P19,50,R5,G7,,,,,,,,,Cold,Dry,Light,,,,
042724C,4/3/24,,,P19,50,R5,G8,,,,,,,,,Cold,Dry,Light,,,,
042724C,4/3/24,,,P19,50,R5,G9,,,,,,,,,Cold,Dry,Light,,,,
042724C,4/3/24,,,P19,50,R5,G10,,,,,,,,,Cold,Dry,Light,,,,
042724C,4/3/24,,,P19,50,R5,G11,,,,,,,,,Cold,Dry,Light,,,,
042724C,4/3/24,,,P19,50,R5,G12,6/25,D,,,,,,,Cold,Dry,Light,,,,
042724C,4/3/24,,,P19,50,R5,H1,,,,,,,,,Cold,Dry,Light,,,,
042724C,4/3/24,,,P19,50,R5,H2,,,,,,,,,Cold,Dry,Light,,,,
042724C,4/3/24,,,P19,50,R5,H3,,,,,,,,,Cold,Dry,Light,,,,
042724C,4/3/24,,,P19,50,R5,H4,,,,,,,,,Cold,Dry,Light,,,,
042724C,4/3/24,,,P19,50,R5,H5,,,,,,,,,Cold,Dry,Light,,,,
042724C,4/3/24,,,P19,50,R5,H6,,,,,,,,,Cold,Dry,Light,,,,
042724C,4/3/24,,,P19,50,R5,H7,,,,,,,,,Cold,Dry,Light,,,,
042724C,4/3/24,,,P19,50,R5,H8,6/25,HD,,,,,,,Cold,Dry,Light,,,,
042724C,4/3/24,,,P19,50,R5,H9,,,,,,,,,Cold,Dry,Light,,,,
042724C,4/3/24,,,P19,50,R5,H10,,,,,,,,,Cold,Dry,Light,,,,
042724C,4/3/24,,,P19,50,R5,H11,,,,,,,,,Cold,Dry,Light,,,,
042724C,4/3/24,,,P19,50,R5,H12,,,,,,,,,Cold,Dry,Light,,,,
042724D,4/3/24,,,P19,50,R4,A1,X,,,,,,,,Cold,Wet,Light,,,,
042724D,4/3/24,,,P19,50,R4,A2,X,,X,,,,,,Cold,Wet,Light,,,,
042724D,4/3/24,,,P19,50,R4,A3,X,,X,,,,,,Cold,Wet,Light,,,,
042724D,4/3/24,,,P19,50,R4,A4,6/7,HD,6/7,HD,,,,,Cold,Wet,Light,,,,
042724D,4/3/24,,,P19,50,R4,A5,X,,X,,,,,,Cold,Wet,Light,,,,
042724D,4/3/24,,,P19,50,R4,A6,6/7,HD,,,,,,,Cold,Wet,Light,,,,
042724D,4/3/24,,,P19,50,R4,A7,X,,X,,,,,,Cold,Wet,Light,,,,
042724D,4/3/24,,,P19,50,R4,A8,,,,,,,,,Cold,Wet,Light,,,,
042724D,4/3/24,,,P19,50,R4,A9,6/7,HD,X,,,,,,Cold,Wet,Light,,,,
042724D,4/3/24,,,P19,50,R4,A10,6/7,HD,X,,,,,,Cold,Wet,Light,,,,
042724D,4/3/24,,,P19,50,R4,A11,6/7,HD,X,,,,,,Cold,Wet,Light,,,,
042724D,4/3/24,,,P19,50,R4,A12,X,,X,,,,,,Cold,Wet,Light,,,,
042724D,4/3/24,,,P19,50,R4,B1,X,,,,,,,,Cold,Wet,Light,,,,
042724D,4/3/24,,,P19,50,R4,B2,X,,,,,,,,Cold,Wet,Light,,,,
042724D,4/3/24,,,P19,50,R4,B3,X,,,,,,,,Cold,Wet,Light,,,,
042724D,4/3/24,,,P19,50,R4,B4,X,,X,,,,,,Cold,Wet,Light,,,,
042724D,4/3/24,,,P19,50,R4,B5,6/7,HD,,,,,,,Cold,Wet,Light,,,,
042724D,4/3/24,,,P19,50,R4,B6,X,,X,,,,,,Cold,Wet,Light,,,,
042724D,4/3/24,,,P19,50,R4,B7,,,,,,,,,Cold,Wet,Light,,,,
042724D,4/3/24,,,P19,50,R4,B8,X,,,,,,,,Cold,Wet,Light,,,,
042724D,4/3/24,,,P19,50,R4,B9,X,,X,,,,,,Cold,Wet,Light,,,,
042724D,4/3/24,,,P19,50,R4,B10,X,,X,,,,,,Cold,Wet,Light,,,,
042724D,4/3/24,,,P19,50,R4,B11,X,,,,,,,,Cold,Wet,Light,,,,
042724D,4/3/24,,,P19,50,R4,B12,6/7,HD,,,,,,,Cold,Wet,Light,,,,
042724D,4/3/24,,,P19,50,R4,C1,,,,,,,,,Cold,Wet,Light,,,,
042724D,4/3/24,,,P19,50,R4,C2,X,,X,,,,,,Cold,Wet,Light,,,,
042724D,4/3/24,,,P19,50,R4,C3,,,,,,,,,Cold,Wet,Light,,,,
042724D,4/3/24,,,P19,50,R4,C4,X,,X,,,,,,Cold,Wet,Light,,,,
042724D,4/3/24,,,P19,50,R4,C5,X,,,,,,,,Cold,Wet,Light,,,,
042724D,4/3/24,,,P19,50,R4,C6,X,,,,,,,,Cold,Wet,Light,,,,
042724D,4/3/24,,,P19,50,R4,C7,X,,,,,,,,Cold,Wet,Light,,,,
042724D,4/3/24,,,P19,50,R4,C8,,,,,,,,,Cold,Wet,Light,,,,
042724D,4/3/24,,,P19,50,R4,C9,X,,X,,,,,,Cold,Wet,Light,,,,
042724D,4/3/24,,,P19,50,R4,C10,X,,X,,,,,,Cold,Wet,Light,,,,
042724D,4/3/24,,,P19,50,R4,C11,,,,,,,,,Cold,Wet,Light,,,,
042724D,4/3/24,,,P19,50,R4,C12,X,,,,,,,,Cold,Wet,Light,,,,
042724D,4/3/24,,,P19,50,R4,D1,X,,X,,,,,,Cold,Wet,Light,,,,
042724D,4/3/24,,,P19,50,R4,D2,X,,X,,,,,,Cold,Wet,Light,,,,
042724D,4/3/24,,,P19,50,R4,D3,X,,X,,,,,,Cold,Wet,Light,,,,
042724D,4/3/24,,,P19,50,R4,D4,X,,,,,,,,Cold,Wet,Light,,,,
042724D,4/3/24,,,P19,50,R4,D5,X,,,,,,,,Cold,Wet,Light,,,,
042724D,4/3/24,,,P19,50,R4,D6,X,,,,,,,,Cold,Wet,Light,,,,
042724D,4/3/24,,,P19,50,R4,D7,,,,,,,,,Cold,Wet,Light,,,,
042724D,4/3/24,,,P19,50,R4,D8,X,,,,,,,,Cold,Wet,Light,,,,
042724D,4/3/24,,,P19,50,R4,D9,X,,,,,,,,Cold,Wet,Light,,,,
042724D,4/3/24,,,P19,50,R4,D10,X,,X,,,,,,Cold,Wet,Light,,,,
042724D,4/3/24,,,P19,50,R4,D11,X,,,,,,,,Cold,Wet,Light,,,,
042724D,4/3/24,,,P19,50,R4,D12,6/7,HD,X,,,,,,Cold,Wet,Light,,,,
042724D,4/3/24,,,P19,50,R5,E1,X,,,,,,,,Cold,Wet,Light,,,,
042724D,4/3/24,,,P19,50,R5,E2,,,,,,,,,Cold,Wet,Light,,,,
042724D,4/3/24,,,P19,50,R5,E3,X,,,,,,,,Cold,Wet,Light,,,,
042724D,4/3/24,,,P19,50,R5,E4,X,,,,,,,,Cold,Wet,Light,,,,
042724D,4/3/24,,,P19,50,R5,E5,,,,,,,,,Cold,Wet,Light,,,,
042724D,4/3/24,,,P19,50,R5,E6,X,,,,,,,,Cold,Wet,Light,,,,
042724D,4/3/24,,,P19,50,R5,E7,,,,,,,,,Cold,Wet,Light,,,,
042724D,4/3/24,,,P19,50,R5,E8,,,,,,,,,Cold,Wet,Light,,,,
042724D,4/3/24,,,P19,50,R5,E9,,,,,,,,,Cold,Wet,Light,,,,
042724D,4/3/24,,,P19,50,R5,E10,,,,,,,,,Cold,Wet,Light,,,,
042724D,4/3/24,,,P19,50,R5,E11,,,,,,,,,Cold,Wet,Light,,,,
042724D,4/3/24,,,P19,50,R5,E12,,,,,,,,,Cold,Wet,Light,,,,
042724D,4/3/24,,,P19,50,R5,F1,,,,,,,,,Cold,Wet,Light,,,,
042724D,4/3/24,,,P19,50,R5,F2,,,,,,,,,Cold,Wet,Light,,,,
042724D,4/3/24,,,P19,50,R5,F3,X,,X,,,,,,Cold,Wet,Light,,,,
042724D,4/3/24,,,P19,50,R5,F4,X,,X,,,,,,Cold,Wet,Light,,,,
042724D,4/3/24,,,P19,50,R5,F5,X,,,,,,,,Cold,Wet,Light,,,,
042724D,4/3/24,,,P19,50,R5,F6,X,,X,,,,,,Cold,Wet,Light,,,,
042724D,4/3/24,,,P19,50,R5,F7,,,,,,,,,Cold,Wet,Light,,,,
042724D,4/3/24,,,P19,50,R5,F8,X,,,,,,,,Cold,Wet,Light,,,,
042724D,4/3/24,,,P19,50,R5,F9,,,,,,,,,Cold,Wet,Light,,,,
042724D,4/3/24,,,P19,50,R5,F10,X,,,,,,,,Cold,Wet,Light,,,,
042724D,4/3/24,,,P19,50,R5,F11,,,,,,,,,Cold,Wet,Light,,,,
042724D,4/3/24,,,P19,50,R5,F12,X,,,,,,,,Cold,Wet,Light,,,,
042724D,4/3/24,,,P19,50,R5,G1,X,,,,,,,,Cold,Wet,Light,,,,
042724D,4/3/24,,,P19,50,R5,G2,X,,X,,,,,,Cold,Wet,Light,,,,
042724D,4/3/24,,,P19,50,R5,G3,X,,,,,,,,Cold,Wet,Light,,,,
042724D,4/3/24,,,P19,50,R5,G4,X,,X,,,,,,Cold,Wet,Light,,,,
042724D,4/3/24,,,P19,50,R5,G5,X,,,,,,,,Cold,Wet,Light,,,,
042724D,4/3/24,,,P19,50,R5,G6,X,,X,,,,,,Cold,Wet,Light,,,,
042724D,4/3/24,,,P19,50,R5,G7,X,,,,,,,,Cold,Wet,Light,,,,
042724D,4/3/24,,,P19,50,R5,G8,X,,X,,,,,,Cold,Wet,Light,,,,
042724D,4/3/24,,,P19,50,R5,G9,X,,,,,,,,Cold,Wet,Light,,,,
042724D,4/3/24,,,P19,50,R5,G10,X,,,,,,,,Cold,Wet,Light,,,,
042724D,4/3/24,,,P19,50,R5,G11,X,,,,,,,,Cold,Wet,Light,,,,
042724D,4/3/24,,,P19,50,R5,G12,X,,X,,,,,,Cold,Wet,Light,,,,
042724D,4/3/24,,,P19,50,R5,H1,X,,X,,,,,,Cold,Wet,Light,,,,
042724D,4/3/24,,,P19,50,R5,H2,6/7,HD,,,,,,,Cold,Wet,Light,,,,
042724D,4/3/24,,,P19,50,R5,H3,X,,X,,,,,,Cold,Wet,Light,,,,
042724D,4/3/24,,,P19,50,R5,H4,,,,,,,,,Cold,Wet,Light,,,,
042724D,4/3/24,,,P19,50,R5,H5,X,,,,,,,,Cold,Wet,Light,,,,
042724D,4/3/24,,,P19,50,R5,H6,,,,,,,,,Cold,Wet,Light,,,,
042724D,4/3/24,,,P19,50,R5,H7,,,,,,,,,Cold,Wet,Light,,,,
042724D,4/3/24,,,P19,50,R5,H8,,,,,,,,,Cold,Wet,Light,,,,
042724D,4/3/24,,,P19,50,R5,H9,X,,X,,,,,,Cold,Wet,Light,,,,
042724D,4/3/24,,,P19,50,R5,H10,X,,X,,,,,,Cold,Wet,Light,,,,
042724D,4/3/24,,,P19,50,R5,H11,,,,,,,,,Cold,Wet,Light,,,,
042724D,4/3/24,,,P19,50,R5,H12,,,,,,,,,Cold,Wet,Light,,,,