"","well","Reference","Count","Total_Count","Normalized_Count","species"
"1","Gilmer5_A10","AY380446.1",41,43,0.953488372093023,"Daphnia obtusaNA2"
"2","Gilmer5_A11","AY380446.1",2165,2199,0.984538426557526,"Daphnia obtusaNA2"
"3","Gilmer5_A12","AY380446.1",1996,2020,0.988118811881188,"Daphnia obtusaNA2"
"4","Gilmer5_A1","AY380453.1",147,190,0.773684210526316,"Daphnia pileata"
"5","Gilmer5_A2","AY380453.1",104,161,0.645962732919255,"Daphnia pileata"
"6","Gilmer5_A3","AY380446.1",2014,2061,0.977195536147501,"Daphnia obtusaNA2"
"7","Gilmer5_A5","AY380446.1",4138,4214,0.981964878974846,"Daphnia obtusaNA2"
"8","Gilmer5_A7","AY380446.1",2093,2156,0.970779220779221,"Daphnia obtusaNA2"
"9","Gilmer5_A8","AY380446.1",5698,5869,0.970863860964389,"Daphnia obtusaNA2"
"10","Gilmer5_A9","AY380446.1",4358,4428,0.984191508581753,"Daphnia obtusaNA2"
"11","Gilmer5_B10","AY380446.1",908,936,0.97008547008547,"Daphnia obtusaNA2"
"12","Gilmer5_B11","AY380446.1",61,68,0.897058823529412,"Daphnia obtusaNA2"
"13","Gilmer5_B12","AY380446.1",318,324,0.981481481481482,"Daphnia obtusaNA2"
"14","Gilmer5_B2","AY380446.1",6099,6135,0.994132029339853,"Daphnia obtusaNA2"
"15","Gilmer5_B3","AY380446.1",9756,10010,0.974625374625375,"Daphnia obtusaNA2"
"16","Gilmer5_B4","AY380446.1",23201,23344,0.993874228923921,"Daphnia obtusaNA2"
"17","Gilmer5_B5","AY380446.1",3081,3181,0.968563344860107,"Daphnia obtusaNA2"
"18","Gilmer5_B6","AY380446.1",381,381,1,"Daphnia obtusaNA2"
"19","Gilmer5_B7","AY380446.1",1079,1112,0.970323741007194,"Daphnia obtusaNA2"
"20","Gilmer5_B8","AY380446.1",1840,1913,0.961840041819132,"Daphnia obtusaNA2"
"21","Gilmer5_B9","AY380446.1",22,22,1,"Daphnia obtusaNA2"
"22","Gilmer5_C10","AY380446.1",3137,3236,0.969406674907293,"Daphnia obtusaNA2"
"23","Gilmer5_C11","AY380446.1",75,75,1,"Daphnia obtusaNA2"
"24","Gilmer5_C12","AY380446.1",156,163,0.957055214723926,"Daphnia obtusaNA2"
"25","Gilmer5_C1","AY380446.1",1018,1069,0.952291861552853,"Daphnia obtusaNA2"
"26","Gilmer5_C2","AY380446.1",36,36,1,"Daphnia obtusaNA2"
"27","Gilmer5_C3","AY380446.1",156,158,0.987341772151899,"Daphnia obtusaNA2"
"28","Gilmer5_C4","AY380446.1",2655,2721,0.97574421168688,"Daphnia obtusaNA2"
"29","Gilmer5_C5","AY380454.1",31,42,0.738095238095238,"Daphnia catawba"
"30","Gilmer5_C8","AY380446.1",657,664,0.989457831325301,"Daphnia obtusaNA2"
"31","Gilmer5_C9","AY380446.1",1439,1487,0.967720242098184,"Daphnia obtusaNA2"
"32","Gilmer5_D10","AY380446.1",55,57,0.964912280701754,"Daphnia obtusaNA2"
"33","Gilmer5_D12","AY380446.1",58,58,1,"Daphnia obtusaNA2"
"34","Gilmer5_D2","AY380446.1",285,289,0.986159169550173,"Daphnia obtusaNA2"
"35","Gilmer5_D3","AY380446.1",247,261,0.946360153256705,"Daphnia obtusaNA2"
"36","Gilmer5_D4","AY380446.1",1153,1201,0.960033305578684,"Daphnia obtusaNA2"
"37","Gilmer5_D5","AY380446.1",319,325,0.981538461538462,"Daphnia obtusaNA2"
"38","Gilmer5_D6","AY380446.1",139,139,1,"Daphnia obtusaNA2"
"39","Gilmer5_D7","AY380446.1",290,292,0.993150684931507,"Daphnia obtusaNA2"
"40","Gilmer5_D8","AY380446.1",2389,2443,0.977896029471961,"Daphnia obtusaNA2"
"41","Gilmer5_D9","AY380446.1",28,28,1,"Daphnia obtusaNA2"
"42","Gilmer5_E10","AY380446.1",1347,1351,0.997039230199852,"Daphnia obtusaNA2"
"43","Gilmer5_E12","AY380446.1",627,637,0.984301412872841,"Daphnia obtusaNA2"
"44","Gilmer5_E1","AY380446.1",2808,2896,0.969613259668508,"Daphnia obtusaNA2"
"45","Gilmer5_E2","AY380446.1",428,438,0.977168949771689,"Daphnia obtusaNA2"
"46","Gilmer5_E3","AY380446.1",1554,1596,0.973684210526316,"Daphnia obtusaNA2"
"47","Gilmer5_E4","AY380446.1",2146,2194,0.978122151321787,"Daphnia obtusaNA2"
"48","Gilmer5_E8","AY380446.1",3624,3711,0.976556184316896,"Daphnia obtusaNA2"
"49","Gilmer5_F10","AY380446.1",8043,8180,0.983251833740831,"Daphnia obtusaNA2"
"50","Gilmer5_F11","AY380446.1",2715,2811,0.965848452508004,"Daphnia obtusaNA2"
"51","Gilmer5_F1","HM883991.1",269,287,0.937282229965157,"Daphnia parvula"
"52","Gilmer5_F2","AY380446.1",1442,1464,0.984972677595628,"Daphnia obtusaNA2"
"53","Gilmer5_F3","AY380446.1",3055,3094,0.987394957983193,"Daphnia obtusaNA2"
"54","Gilmer5_F4","AY380446.1",11681,11863,0.984658180898592,"Daphnia obtusaNA2"
"55","Gilmer5_F5","AY380446.1",7009,7102,0.986905097155731,"Daphnia obtusaNA2"
"56","Gilmer5_F6","AY380446.1",4564,4622,0.987451319774989,"Daphnia obtusaNA2"
"57","Gilmer5_F7","AY380446.1",5381,5570,0.966068222621185,"Daphnia obtusaNA2"
"58","Gilmer5_F8","AY380446.1",10715,10832,0.989198670605613,"Daphnia obtusaNA2"
"59","Gilmer5_F9","AY380446.1",85,87,0.977011494252874,"Daphnia obtusaNA2"
"60","Gilmer5_G10","AY380446.1",11161,11292,0.988398866454127,"Daphnia obtusaNA2"
"61","Gilmer5_G11","AY380446.1",7784,7843,0.992477368353946,"Daphnia obtusaNA2"
"62","Gilmer5_G12","AY380446.1",7834,8015,0.977417342482845,"Daphnia obtusaNA2"
"63","Gilmer5_G1","AY380446.1",818,862,0.948955916473318,"Daphnia obtusaNA2"
"64","Gilmer5_G2","AY380446.1",342,352,0.971590909090909,"Daphnia obtusaNA2"
"65","Gilmer5_G3","AY380446.1",4034,4095,0.985103785103785,"Daphnia obtusaNA2"
"66","Gilmer5_G4","AY380446.1",205,211,0.971563981042654,"Daphnia obtusaNA2"
"67","Gilmer5_G5","AY380446.1",12568,12713,0.988594352237867,"Daphnia obtusaNA2"
"68","Gilmer5_G6","AY380446.1",4106,4169,0.984888462461022,"Daphnia obtusaNA2"
"69","Gilmer5_G7","AY380446.1",247,251,0.98406374501992,"Daphnia obtusaNA2"
"70","Gilmer5_G8","AY380446.1",177,202,0.876237623762376,"Daphnia obtusaNA2"
"71","Gilmer5_G9","AY380446.1",6487,6642,0.976663655525444,"Daphnia obtusaNA2"
"72","Gilmer5_H10","mtdna_D8_119",14208,14392,0.987215119510839,"EU Daphnia pulex"
"73","Gilmer5_H12","mtdna_D8_119",7962,8083,0.985030310528269,"EU Daphnia pulex"
"74","Gilmer5_H1","AY380446.1",18,30,0.6,"Daphnia obtusaNA2"
"75","Gilmer5_H1","ElvisCOI",8,30,0.266666666666667,"EU Daphnia obtusa"
"76","Gilmer5_H2","AY380446.1",668,676,0.988165680473373,"Daphnia obtusaNA2"
"77","Gilmer5_H3","AY380446.1",6717,6792,0.988957597173145,"Daphnia obtusaNA2"
"78","Gilmer5_H4","AY380446.1",4616,4670,0.988436830835118,"Daphnia obtusaNA2"
"79","Gilmer5_H5","AY380446.1",3909,3964,0.986125126135217,"Daphnia obtusaNA2"
"80","Gilmer5_H6","AY380446.1",310,316,0.981012658227848,"Daphnia obtusaNA2"
"81","Gilmer5_H7","AY380446.1",5452,5536,0.984826589595376,"Daphnia obtusaNA2"
"82","Gilmer5_H8","AY380446.1",18911,19130,0.98855201254574,"Daphnia obtusaNA2"
"83","Gilmer5_H9","ElvisCOI",15545,15863,0.979953350564206,"EU Daphnia obtusa"
"84","Gilmer5_H9","ElvisCOI",15545,15863,0.979953350564206,"EU Daphnia obtusa"
"85","RobertUK_A10","mtdna_D8_119",11430,11608,0.984665747760165,"EU Daphnia pulex"
"86","RobertUK_A11","mtdna_D8_119",7381,7595,0.971823568136932,"EU Daphnia pulex"
"87","RobertUK_A12","mtdna_D8_119",700,734,0.953678474114441,"EU Daphnia pulex"
"88","RobertUK_A1","mtdna_D8_119",14459,14615,0.989326034895655,"EU Daphnia pulex"
"89","RobertUK_A2","mtdna_D8_119",5952,6166,0.965293545248135,"EU Daphnia pulex"
"90","RobertUK_A3","ElvisCOI",1019,1076,0.947026022304833,"EU Daphnia obtusa"
"91","RobertUK_A4","ElvisCOI",1267,1312,0.965701219512195,"EU Daphnia obtusa"
"92","RobertUK_A5","ElvisCOI",402,429,0.937062937062937,"EU Daphnia obtusa"
"93","RobertUK_A6","ElvisCOI",1449,1529,0.947678221059516,"EU Daphnia obtusa"
"94","RobertUK_A7","mtdna_D8_119",5956,6092,0.977675640183848,"EU Daphnia pulex"
"95","RobertUK_A8","mtdna_D8_119",3720,3778,0.984647961884595,"EU Daphnia pulex"
"96","RobertUK_A9","mtdna_D8_119",8169,8370,0.975985663082437,"EU Daphnia pulex"
"97","RobertUK_B10","ElvisCOI",5060,5375,0.941395348837209,"EU Daphnia obtusa"
"98","RobertUK_B11","AY380446.1",3329,3501,0.950871179662953,"Daphnia obtusaNA2"
"99","RobertUK_B12","MW201533.1",30,71,0.422535211267606,"Daphnia longispina"
"100","RobertUK_B12","mtdna_D8_119",19,71,0.267605633802817,"EU Daphnia pulex"
"101","RobertUK_B12","AY380446.1",16,71,0.225352112676056,"Daphnia obtusaNA2"
"102","RobertUK_B1","mtdna_D8_119",13817,14084,0.981042317523431,"EU Daphnia pulex"
"103","RobertUK_B2","mtdna_D8_119",21119,21246,0.994022404217264,"EU Daphnia pulex"
"104","RobertUK_B3","ElvisCOI",2344,2522,0.929421094369548,"EU Daphnia obtusa"
"105","RobertUK_B4","mtdna_D8_119",13592,13684,0.993276819643379,"EU Daphnia pulex"
"106","RobertUK_B5","mtdna_D8_119",39549,39971,0.989442345700633,"EU Daphnia pulex"
"107","RobertUK_B6","mtdna_D8_119",22157,22419,0.988313484098309,"EU Daphnia pulex"
"108","RobertUK_B7","mtdna_D8_119",28,32,0.875,"EU Daphnia pulex"
"109","RobertUK_B8","mtdna_D8_119",17539,17775,0.986722925457103,"EU Daphnia pulex"
"110","RobertUK_B9","mtdna_D8_119",17249,17406,0.990980121797082,"EU Daphnia pulex"
"111","RobertUK_C10","mtdna_D8_119",10640,10734,0.991242779951556,"EU Daphnia pulex"
"112","RobertUK_C11","mtdna_D8_119",6477,6611,0.979730751777341,"EU Daphnia pulex"
"113","RobertUK_C12","ElvisCOI",283,287,0.986062717770035,"EU Daphnia obtusa"
"114","RobertUK_C1","mtdna_D8_119",34299,34509,0.993914630965835,"EU Daphnia pulex"
"115","RobertUK_C2","mtdna_D8_119",5213,5395,0.966265060240964,"EU Daphnia pulex"
"116","RobertUK_C3","ElvisCOI",490,526,0.931558935361217,"EU Daphnia obtusa"
"117","RobertUK_C4","mtdna_D8_119",2481,2527,0.981796596755045,"EU Daphnia pulex"
"118","RobertUK_C5","mtdna_D8_119",15291,15541,0.983913519078566,"EU Daphnia pulex"
"119","RobertUK_C6","ElvisCOI",256,274,0.934306569343066,"EU Daphnia obtusa"
"120","RobertUK_C7","mtdna_D8_119",7266,7406,0.98109640831758,"EU Daphnia pulex"
"121","RobertUK_C8","ElvisCOI",1089,1139,0.956101843722564,"EU Daphnia obtusa"
"122","RobertUK_C9","mtdna_D8_119",7929,8055,0.984357541899441,"EU Daphnia pulex"
"123","RobertUK_D10","mtdna_D8_119",1137,1207,0.942004971002485,"EU Daphnia pulex"
"124","RobertUK_D11","mtdna_D8_119",4458,4514,0.987594151528578,"EU Daphnia pulex"
"125","RobertUK_D12","mtdna_D8_119",1937,2054,0.943037974683544,"EU Daphnia pulex"
"126","RobertUK_D1","mtdna_D8_119",11967,12167,0.9835620941892,"EU Daphnia pulex"
"127","RobertUK_D2","ElvisCOI",2173,2254,0.964063886424135,"EU Daphnia obtusa"
"128","RobertUK_D3","mtdna_D8_119",4263,4475,0.952625698324022,"EU Daphnia pulex"
"129","RobertUK_D4","mtdna_D8_119",11727,11913,0.984386804331403,"EU Daphnia pulex"
"130","RobertUK_D5","ElvisCOI",4480,4679,0.957469544774525,"EU Daphnia obtusa"
"131","RobertUK_D6","mtdna_D8_119",1650,1794,0.919732441471572,"EU Daphnia pulex"
"132","RobertUK_D7","ElvisCOI",410,418,0.980861244019139,"EU Daphnia obtusa"
"133","RobertUK_D8","ElvisCOI",1890,1995,0.947368421052632,"EU Daphnia obtusa"
"134","RobertUK_D9","MW201533.1",1511,1964,0.769348268839104,"Daphnia longispina"
"135","RobertUK_E10","mtdna_D8_119",10929,11047,0.98931836697746,"EU Daphnia pulex"
"136","RobertUK_E11","mtdna_D8_119",5980,6051,0.988266402247562,"EU Daphnia pulex"
"137","RobertUK_E12","mtdna_D8_119",1116,1186,0.94097807757167,"EU Daphnia pulex"
"138","RobertUK_E1","ElvisCOI",10585,10813,0.978914269860353,"EU Daphnia obtusa"
"139","RobertUK_E3","mtdna_D8_119",770,774,0.994832041343669,"EU Daphnia pulex"
"140","RobertUK_E4","ElvisCOI",594,602,0.98671096345515,"EU Daphnia obtusa"
"141","RobertUK_E5","mtdna_D8_119",8110,8353,0.970908655572848,"EU Daphnia pulex"
"142","RobertUK_E6","mtdna_D8_119",603,635,0.949606299212598,"EU Daphnia pulex"
"143","RobertUK_E7","ElvisCOI",1006,1658,0.606755126658625,"EU Daphnia obtusa"
"144","RobertUK_E7","mtdna_D8_119",588,1658,0.354644149577805,"EU Daphnia pulex"
"145","RobertUK_E8","ElvisCOI",1268,1310,0.96793893129771,"EU Daphnia obtusa"
"146","RobertUK_E9","mtdna_D8_119",6784,6959,0.974852708722518,"EU Daphnia pulex"
"147","RobertUK_F10","mtdna_D8_119",4744,4814,0.985459077690071,"EU Daphnia pulex"
"148","RobertUK_F11","ElvisCOI",22,39,0.564102564102564,"EU Daphnia obtusa"
"149","RobertUK_F11","mtdna_D8_119",15,39,0.384615384615385,"EU Daphnia pulex"
"150","RobertUK_F1","mtdna_D8_119",16,30,0.533333333333333,"EU Daphnia pulex"
"151","RobertUK_F1","ElvisCOI",12,30,0.4,"EU Daphnia obtusa"
"152","RobertUK_F2","mtdna_D8_119",16249,16353,0.993640310646365,"EU Daphnia pulex"
"153","RobertUK_F3","ElvisCOI",20805,21101,0.985972228804322,"EU Daphnia obtusa"
"154","RobertUK_F4","mtdna_D8_119",16,31,0.516129032258065,"EU Daphnia pulex"
"155","RobertUK_F4","ElvisCOI",15,31,0.483870967741935,"EU Daphnia obtusa"
"156","RobertUK_F5","mtdna_D8_119",21703,21822,0.994546787645495,"EU Daphnia pulex"
"157","RobertUK_F6","ElvisCOI",13986,14129,0.989878972326421,"EU Daphnia obtusa"
"158","RobertUK_F7","ElvisCOI",4495,4638,0.969167744717551,"EU Daphnia obtusa"
"159","RobertUK_F9","ElvisCOI",24099,24259,0.993404509666516,"EU Daphnia obtusa"
"160","RobertUK_G10","ElvisCOI",2662,2776,0.958933717579251,"EU Daphnia obtusa"
"161","RobertUK_G11","mtdna_D8_119",2535,2682,0.945190156599553,"EU Daphnia pulex"
"162","RobertUK_G1","mtdna_D8_119",36989,37383,0.989460449937137,"EU Daphnia pulex"
"163","RobertUK_G3","mtdna_D8_119",18,32,0.5625,"EU Daphnia pulex"
"164","RobertUK_G3","ElvisCOI",14,32,0.4375,"EU Daphnia obtusa"
"165","RobertUK_G4","mtdna_D8_119",796,807,0.98636926889715,"EU Daphnia pulex"
"166","RobertUK_G5","mtdna_D8_119",49,55,0.890909090909091,"EU Daphnia pulex"
"167","RobertUK_G8","ElvisCOI",259,275,0.941818181818182,"EU Daphnia obtusa"
"168","RobertUK_G9","ElvisCOI",22,38,0.578947368421053,"EU Daphnia obtusa"
"169","RobertUK_G9","mtdna_D8_119",12,38,0.315789473684211,"EU Daphnia pulex"
"170","RobertUK_H10","ElvisCOI",1669,1714,0.973745624270712,"EU Daphnia obtusa"
"171","RobertUK_H11","mtdna_D8_119",713,725,0.983448275862069,"EU Daphnia pulex"
"172","RobertUK_H12","mtdna_D8_119",3530,3560,0.991573033707865,"EU Daphnia pulex"
"173","RobertUK_H1","mtdna_D8_119",15295,15458,0.989455298227455,"EU Daphnia pulex"
"174","RobertUK_H2","mtdna_D8_119",6777,6863,0.987469036864345,"EU Daphnia pulex"
"175","RobertUK_H3","ElvisCOI",4532,4695,0.965282215122471,"EU Daphnia obtusa"
"176","RobertUK_H4","ElvisCOI",2403,2481,0.968561064087062,"EU Daphnia obtusa"
"177","RobertUK_H5","mtdna_D8_119",15912,16021,0.993196429686037,"EU Daphnia pulex"
"178","RobertUK_H6","ElvisCOI",1438,1516,0.948548812664908,"EU Daphnia obtusa"
"179","RobertUK_H7","mtdna_D8_119",3352,3572,0.938409854423292,"EU Daphnia pulex"
"180","RobertUK_H8","ElvisCOI",164,169,0.970414201183432,"EU Daphnia obtusa"
"181","RobertUK_H9","mtdna_D8_119",3801,3952,0.961791497975709,"EU Daphnia pulex"
"182","Rockpool1_A10","AY380446.1",2897,2938,0.986044928522805,"Daphnia obtusaNA2"
"183","Rockpool1_A11","AY380446.1",2692,2781,0.967997123336929,"Daphnia obtusaNA2"
"184","Rockpool1_A12","AY380446.1",160,162,0.987654320987654,"Daphnia obtusaNA2"
"185","Rockpool1_A1","AY380446.1",7969,8131,0.980076251383594,"Daphnia obtusaNA2"
"186","Rockpool1_A3","AY380446.1",5469,5573,0.981338596806029,"Daphnia obtusaNA2"
"187","Rockpool1_A4","AY380446.1",148,155,0.954838709677419,"Daphnia obtusaNA2"
"188","Rockpool1_A5","AY380446.1",1110,1146,0.968586387434555,"Daphnia obtusaNA2"
"189","Rockpool1_A6","AY380446.1",139,149,0.932885906040268,"Daphnia obtusaNA2"
"190","Rockpool1_A7","AY380446.1",1338,1409,0.949609652235628,"Daphnia obtusaNA2"
"191","Rockpool1_A8","AY380446.1",237,240,0.9875,"Daphnia obtusaNA2"
"192","Rockpool1_A9","AY380446.1",3386,3451,0.981164879745001,"Daphnia obtusaNA2"
"193","Rockpool1_B10","AY380446.1",12328,12526,0.984192878812071,"Daphnia obtusaNA2"
"194","Rockpool1_B11","AY380446.1",13958,14143,0.986919324047232,"Daphnia obtusaNA2"
"195","Rockpool1_B12","AY380446.1",3031,3194,0.948966812773951,"Daphnia obtusaNA2"
"196","Rockpool1_B1","AY380446.1",2403,2459,0.977226514843432,"Daphnia obtusaNA2"
"197","Rockpool1_B2","AY380446.1",107,126,0.849206349206349,"Daphnia obtusaNA2"
"198","Rockpool1_B3","AY380446.1",2537,2592,0.978780864197531,"Daphnia obtusaNA2"
"199","Rockpool1_B5","AY380446.1",5342,5594,0.954951734000715,"Daphnia obtusaNA2"
"200","Rockpool1_B6","AY380446.1",1940,2034,0.953785644051131,"Daphnia obtusaNA2"
"201","Rockpool1_B8","AY380446.1",12117,12186,0.994337764647957,"Daphnia obtusaNA2"
"202","Rockpool1_B9","AY380446.1",14254,14368,0.99206570155902,"Daphnia obtusaNA2"
"203","Rockpool1_C10","AY380446.1",1117,1134,0.985008818342152,"Daphnia obtusaNA2"
"204","Rockpool1_C11","AY380446.1",2656,2766,0.960231381055676,"Daphnia obtusaNA2"
"205","Rockpool1_C12","AY380446.1",113,118,0.957627118644068,"Daphnia obtusaNA2"
"206","Rockpool1_C1","AY380446.1",10376,10495,0.988661267270129,"Daphnia obtusaNA2"
"207","Rockpool1_C2","AY380446.1",650,660,0.984848484848485,"Daphnia obtusaNA2"
"208","Rockpool1_C3","AY380446.1",7884,7999,0.985623202900363,"Daphnia obtusaNA2"
"209","Rockpool1_C4","AY380446.1",283,287,0.986062717770035,"Daphnia obtusaNA2"
"210","Rockpool1_C5","AY380446.1",1383,1437,0.962421711899791,"Daphnia obtusaNA2"
"211","Rockpool1_C6","AY380446.1",420,435,0.96551724137931,"Daphnia obtusaNA2"
"212","Rockpool1_C7","AY380446.1",5346,5596,0.955325232308792,"Daphnia obtusaNA2"
"213","Rockpool1_C8","AY380446.1",899,921,0.976112920738328,"Daphnia obtusaNA2"
"214","Rockpool1_C9","AY380446.1",2006,2104,0.953422053231939,"Daphnia obtusaNA2"
"215","Rockpool1_D10","AY380446.1",1419,1456,0.974587912087912,"Daphnia obtusaNA2"
"216","Rockpool1_D11","AY380446.1",2080,2110,0.985781990521327,"Daphnia obtusaNA2"
"217","Rockpool1_D12","AY380446.1",296,301,0.983388704318937,"Daphnia obtusaNA2"
"218","Rockpool1_D1","AY380446.1",3424,3542,0.966685488424619,"Daphnia obtusaNA2"
"219","Rockpool1_D2","AY380446.1",120,129,0.930232558139535,"Daphnia obtusaNA2"
"220","Rockpool1_D3","AY380446.1",1335,1431,0.932914046121593,"Daphnia obtusaNA2"
"221","Rockpool1_D4","AY380446.1",895,908,0.98568281938326,"Daphnia obtusaNA2"
"222","Rockpool1_D6","AY380446.1",224,234,0.957264957264957,"Daphnia obtusaNA2"
"223","Rockpool1_D7","AY380446.1",1900,1952,0.973360655737705,"Daphnia obtusaNA2"
"224","Rockpool1_D8","AY380446.1",316,328,0.963414634146341,"Daphnia obtusaNA2"
"225","Rockpool1_D9","AY380446.1",3137,3209,0.977563103770645,"Daphnia obtusaNA2"
"226","Rockpool1_E10","AY380446.1",1557,1598,0.974342928660826,"Daphnia obtusaNA2"
"227","Rockpool1_E11","AY380446.1",5044,5223,0.965728508520008,"Daphnia obtusaNA2"
"228","Rockpool1_E12","AY380446.1",1210,1238,0.977382875605816,"Daphnia obtusaNA2"
"229","Rockpool1_E1","AY380446.1",2298,2352,0.977040816326531,"Daphnia obtusaNA2"
"230","Rockpool1_E2","AY380446.1",128,136,0.941176470588235,"Daphnia obtusaNA2"
"231","Rockpool1_E3","AY380446.1",3881,4010,0.96783042394015,"Daphnia obtusaNA2"
"232","Rockpool1_E4","AY380446.1",101,103,0.980582524271845,"Daphnia obtusaNA2"
"233","Rockpool1_E5","AY380446.1",600,653,0.918836140888208,"Daphnia obtusaNA2"
"234","Rockpool1_E6","AY380446.1",197,202,0.975247524752475,"Daphnia obtusaNA2"
"235","Rockpool1_E7","AY380446.1",1110,1144,0.97027972027972,"Daphnia obtusaNA2"
"236","Rockpool1_E8","AY380446.1",790,799,0.988735919899875,"Daphnia obtusaNA2"
"237","Rockpool1_E9","AY380446.1",5615,5747,0.977031494692883,"Daphnia obtusaNA2"
"238","Rockpool1_F11","AY380446.1",4458,4562,0.977202981148619,"Daphnia obtusaNA2"
"239","Rockpool1_F12","AY380446.1",105,118,0.889830508474576,"Daphnia obtusaNA2"
"240","Rockpool1_F1","AY380446.1",2945,3021,0.974842767295597,"Daphnia obtusaNA2"
"241","Rockpool1_F2","AY380446.1",129,140,0.921428571428571,"Daphnia obtusaNA2"
"242","Rockpool1_F3","AY380446.1",4185,4265,0.981242672919109,"Daphnia obtusaNA2"
"243","Rockpool1_F4","AY380446.1",101,103,0.980582524271845,"Daphnia obtusaNA2"
"244","Rockpool1_F5","AY380446.1",975,1001,0.974025974025974,"Daphnia obtusaNA2"
"245","Rockpool1_F6","AY380446.1",98,102,0.96078431372549,"Daphnia obtusaNA2"
"246","Rockpool1_F7","AY380446.1",4220,4301,0.981167170425482,"Daphnia obtusaNA2"
"247","Rockpool1_F8","AY380446.1",548,579,0.946459412780656,"Daphnia obtusaNA2"
"248","Rockpool1_F9","AY380446.1",5777,5896,0.979816824966079,"Daphnia obtusaNA2"
"249","Rockpool1_G10","AY380446.1",608,633,0.960505529225908,"Daphnia obtusaNA2"
"250","Rockpool1_G11","AY380446.1",5253,5356,0.980769230769231,"Daphnia obtusaNA2"
"251","Rockpool1_G12","AY380446.1",489,504,0.970238095238095,"Daphnia obtusaNA2"
"252","Rockpool1_G1","AY380446.1",9410,9602,0.980004165798792,"Daphnia obtusaNA2"
"253","Rockpool1_G2","AY380446.1",153,163,0.938650306748466,"Daphnia obtusaNA2"
"254","Rockpool1_G3","AY380446.1",5421,5572,0.972900215362527,"Daphnia obtusaNA2"
"255","Rockpool1_G4","AY380446.1",1780,1857,0.958535271943996,"Daphnia obtusaNA2"
"256","Rockpool1_G5","AY380446.1",1503,1575,0.954285714285714,"Daphnia obtusaNA2"
"257","Rockpool1_G6","AY380446.1",217,225,0.964444444444444,"Daphnia obtusaNA2"
"258","Rockpool1_G7","AY380446.1",6281,6397,0.981866499921838,"Daphnia obtusaNA2"
"259","Rockpool1_G8","AY380446.1",576,584,0.986301369863014,"Daphnia obtusaNA2"
"260","Rockpool1_G9","AY380446.1",4823,4941,0.97611819469743,"Daphnia obtusaNA2"
"261","Rockpool1_H11","AY380446.1",5909,5992,0.986148197596796,"Daphnia obtusaNA2"
"262","Rockpool1_H12","AY380446.1",274,286,0.958041958041958,"Daphnia obtusaNA2"
"263","Rockpool1_H1","AF523699.1",402,417,0.964028776978417,"Daphnia ambigua"
"264","Rockpool1_H2","AF523699.1",315,332,0.948795180722892,"Daphnia ambigua"
"265","Rockpool1_H3","AF523699.1",389,429,0.906759906759907,"Daphnia ambigua"
"266","Rockpool1_H4","AF523699.1",98,102,0.96078431372549,"Daphnia ambigua"
"267","Rockpool1_H5","AF523699.1",112,119,0.941176470588235,"Daphnia ambigua"
"268","Rockpool1_H6","AF523699.1",50,50,1,"Daphnia ambigua"
"269","Rockpool1_H7","AF523699.1",272,280,0.971428571428571,"Daphnia ambigua"
"270","Rockpool1_H8","AF523699.1",55,55,1,"Daphnia ambigua"
"271","Rockpool1_H9","AF523699.1",124,130,0.953846153846154,"Daphnia ambigua"
"272","Rockpool2_A10","AY380446.1",2962,3041,0.974021703387044,"Daphnia obtusaNA2"
"273","Rockpool2_A11","AY380446.1",250,257,0.972762645914397,"Daphnia obtusaNA2"
"274","Rockpool2_A12","AY380446.1",12608,12716,0.991506763133061,"Daphnia obtusaNA2"
"275","Rockpool2_A1","AY380446.1",159,163,0.975460122699387,"Daphnia obtusaNA2"
"276","Rockpool2_A2","AY380446.1",3212,3295,0.974810318664643,"Daphnia obtusaNA2"
"277","Rockpool2_A3","AY380446.1",351,356,0.985955056179775,"Daphnia obtusaNA2"
"278","Rockpool2_A4","AY380446.1",1265,1283,0.985970381917381,"Daphnia obtusaNA2"
"279","Rockpool2_A5","AY380446.1",3525,3645,0.967078189300412,"Daphnia obtusaNA2"
"280","Rockpool2_A6","AY380446.1",2739,2783,0.984189723320158,"Daphnia obtusaNA2"
"281","Rockpool2_A7","AY380446.1",691,700,0.987142857142857,"Daphnia obtusaNA2"
"282","Rockpool2_A8","AY380446.1",3914,3944,0.992393509127789,"Daphnia obtusaNA2"
"283","Rockpool2_A9","AY380446.1",1352,1392,0.971264367816092,"Daphnia obtusaNA2"
"284","Rockpool2_B10","AY380446.1",5050,5112,0.987871674491393,"Daphnia obtusaNA2"
"285","Rockpool2_B11","AY380446.1",609,615,0.990243902439024,"Daphnia obtusaNA2"
"286","Rockpool2_B12","AY380446.1",8316,8404,0.989528795811518,"Daphnia obtusaNA2"
"287","Rockpool2_B1","AY380446.1",111,115,0.965217391304348,"Daphnia obtusaNA2"
"288","Rockpool2_B2","AY380446.1",6858,6924,0.990467937608319,"Daphnia obtusaNA2"
"289","Rockpool2_B3","AY380446.1",522,532,0.981203007518797,"Daphnia obtusaNA2"
"290","Rockpool2_B4","AY380446.1",1373,1403,0.978617248752673,"Daphnia obtusaNA2"
"291","Rockpool2_B5","AY380446.1",4345,4489,0.967921586099354,"Daphnia obtusaNA2"
"292","Rockpool2_B6","AY380446.1",4774,4858,0.982708933717579,"Daphnia obtusaNA2"
"293","Rockpool2_B7","AY380446.1",1110,1150,0.965217391304348,"Daphnia obtusaNA2"
"294","Rockpool2_B8","AY380446.1",4802,4869,0.986239474224687,"Daphnia obtusaNA2"
"295","Rockpool2_B9","AY380446.1",1752,1772,0.988713318284424,"Daphnia obtusaNA2"
"296","Rockpool2_C10","AY380446.1",905,918,0.985838779956427,"Daphnia obtusaNA2"
"297","Rockpool2_C11","AY380446.1",333,339,0.982300884955752,"Daphnia obtusaNA2"
"298","Rockpool2_C12","AY380446.1",4944,5116,0.966379984362783,"Daphnia obtusaNA2"
"299","Rockpool2_C2","AY380446.1",310,318,0.974842767295597,"Daphnia obtusaNA2"
"300","Rockpool2_C3","AY380446.1",698,729,0.957475994513032,"Daphnia obtusaNA2"
"301","Rockpool2_C4","AY380446.1",218,228,0.956140350877193,"Daphnia obtusaNA2"
"302","Rockpool2_C5","AY380446.1",590,596,0.98993288590604,"Daphnia obtusaNA2"
"303","Rockpool2_C6","AY380446.1",157,157,1,"Daphnia obtusaNA2"
"304","Rockpool2_C7","AY380446.1",434,457,0.949671772428884,"Daphnia obtusaNA2"
"305","Rockpool2_C8","AY380446.1",2452,2475,0.990707070707071,"Daphnia obtusaNA2"
"306","Rockpool2_C9","AY380446.1",270,277,0.974729241877256,"Daphnia obtusaNA2"
"307","Rockpool2_D10","AY380446.1",2208,2270,0.972687224669604,"Daphnia obtusaNA2"
"308","Rockpool2_D11","AY380446.1",785,799,0.982478097622028,"Daphnia obtusaNA2"
"309","Rockpool2_D12","AY380446.1",7084,7134,0.992991309223437,"Daphnia obtusaNA2"
"310","Rockpool2_D1","AY380446.1",1054,1087,0.969641214351426,"Daphnia obtusaNA2"
"311","Rockpool2_D2","AY380446.1",4235,4304,0.983968401486989,"Daphnia obtusaNA2"
"312","Rockpool2_D3","AY380446.1",3635,3701,0.982166981896785,"Daphnia obtusaNA2"
"313","Rockpool2_D4","AY380446.1",2405,2424,0.992161716171617,"Daphnia obtusaNA2"
"314","Rockpool2_D5","AY380446.1",1904,1972,0.96551724137931,"Daphnia obtusaNA2"
"315","Rockpool2_D6","AY380446.1",1882,1918,0.981230448383733,"Daphnia obtusaNA2"
"316","Rockpool2_D7","AY380446.1",911,941,0.968119022316684,"Daphnia obtusaNA2"
"317","Rockpool2_D8","AY380446.1",3163,3213,0.984438219732337,"Daphnia obtusaNA2"
"318","Rockpool2_D9","AY380446.1",671,679,0.988217967599411,"Daphnia obtusaNA2"
"319","Rockpool2_E10","AF523699.1",139,152,0.914473684210526,"Daphnia ambigua"
"320","Rockpool2_E11","AF523699.1",135,147,0.918367346938776,"Daphnia ambigua"
"321","Rockpool2_E12","AF523699.1",3113,3284,0.947929354445798,"Daphnia ambigua"
"322","Rockpool2_E1","AY380446.1",5661,5773,0.980599341763381,"Daphnia obtusaNA2"
"323","Rockpool2_E2","AY380446.1",5623,5695,0.987357330992098,"Daphnia obtusaNA2"
"324","Rockpool2_E3","AY380446.1",5698,5754,0.990267639902676,"Daphnia obtusaNA2"
"325","Rockpool2_E4","AY380446.1",6442,6492,0.992298213185459,"Daphnia obtusaNA2"
"326","Rockpool2_E5","AY380446.1",4171,4403,0.947308653191006,"Daphnia obtusaNA2"
"327","Rockpool2_E6","AY380446.1",3206,3258,0.984039287906691,"Daphnia obtusaNA2"
"328","Rockpool2_E7","AY380446.1",2921,3143,0.929366846961502,"Daphnia obtusaNA2"
"329","Rockpool2_E8","AY380446.1",6756,6820,0.990615835777126,"Daphnia obtusaNA2"
"330","Rockpool2_E9","AF523699.1",213,238,0.894957983193277,"Daphnia ambigua"
"331","Rockpool2_F10","AY380446.1",10418,10560,0.98655303030303,"Daphnia obtusaNA2"
"332","Rockpool2_F11","AY380446.1",5431,5574,0.974345174022246,"Daphnia obtusaNA2"
"333","Rockpool2_F1","AY380446.1",7194,7238,0.993920972644377,"Daphnia obtusaNA2"
"334","Rockpool2_F2","AY380446.1",11707,11807,0.991530448039299,"Daphnia obtusaNA2"
"335","Rockpool2_F3","AY380446.1",8761,8868,0.987934145241317,"Daphnia obtusaNA2"
"336","Rockpool2_F4","AY380446.1",4925,5023,0.98048974716305,"Daphnia obtusaNA2"
"337","Rockpool2_F6","AY380446.1",4331,4368,0.991529304029304,"Daphnia obtusaNA2"
"338","Rockpool2_F7","AY380446.1",6289,6445,0.975795190069822,"Daphnia obtusaNA2"
"339","Rockpool2_F8","AY380446.1",7771,7876,0.986668359573387,"Daphnia obtusaNA2"
"340","Rockpool2_F9","AY380446.1",5029,5121,0.982034758836165,"Daphnia obtusaNA2"
"341","Rockpool2_G10","AY380446.1",3047,3097,0.983855343881175,"Daphnia obtusaNA2"
"342","Rockpool2_G11","AY380446.1",194,201,0.965174129353234,"Daphnia obtusaNA2"
"343","Rockpool2_G12","AY380446.1",5225,5327,0.980852262061198,"Daphnia obtusaNA2"
"344","Rockpool2_G1","AY380446.1",1496,1566,0.955300127713921,"Daphnia obtusaNA2"
"345","Rockpool2_G2","AY380446.1",10305,10452,0.98593570608496,"Daphnia obtusaNA2"
"346","Rockpool2_G3","AY380446.1",5205,5284,0.985049205147615,"Daphnia obtusaNA2"
"347","Rockpool2_G4","AY380446.1",3154,3193,0.987785781396806,"Daphnia obtusaNA2"
"348","Rockpool2_G5","AY380446.1",5959,6157,0.967841481240864,"Daphnia obtusaNA2"
"349","Rockpool2_G7","AY380446.1",598,608,0.983552631578947,"Daphnia obtusaNA2"
"350","Rockpool2_G8","AY380446.1",2903,2957,0.981738248224552,"Daphnia obtusaNA2"
"351","Rockpool2_G9","AY380446.1",72,72,1,"Daphnia obtusaNA2"
"352","Rockpool2_H11","AY380446.1",493,500,0.986,"Daphnia obtusaNA2"
"353","Rockpool2_H12","AY380446.1",1916,1960,0.977551020408163,"Daphnia obtusaNA2"
"354","Rockpool2_H1","AY380446.1",584,604,0.966887417218543,"Daphnia obtusaNA2"
"355","Rockpool2_H2","AY380446.1",1346,1380,0.97536231884058,"Daphnia obtusaNA2"
"356","Rockpool2_H3","AY380446.1",915,945,0.968253968253968,"Daphnia obtusaNA2"
"357","Rockpool2_H4","AY380446.1",74,78,0.948717948717949,"Daphnia obtusaNA2"
"358","Rockpool2_H5","AY380446.1",271,273,0.992673992673993,"Daphnia obtusaNA2"
"359","Rockpool2_H7","AY380446.1",287,289,0.993079584775087,"Daphnia obtusaNA2"
"360","Rockpool2_H8","AY380446.1",2112,2134,0.989690721649485,"Daphnia obtusaNA2"
"361","Rockpool2_H9","AY380446.1",421,424,0.992924528301887,"Daphnia obtusaNA2"
"362","Rockpool3_A10","AF523699.1",84,84,1,"Daphnia ambigua"
"363","Rockpool3_A11","AF523699.1",37,37,1,"Daphnia ambigua"
"364","Rockpool3_A12","AF523699.1",30,30,1,"Daphnia ambigua"
"365","Rockpool3_A1","AF523699.1",8197,8543,0.959499005033361,"Daphnia ambigua"
"366","Rockpool3_A2","AF523699.1",29,33,0.878787878787879,"Daphnia ambigua"
"367","Rockpool3_A3","AF523699.1",72,80,0.9,"Daphnia ambigua"
"368","Rockpool3_A4","AF523699.1",16,20,0.8,"Daphnia ambigua"
"369","Rockpool3_A4","AY380446.1",4,20,0.2,"Daphnia obtusaNA2"
"370","Rockpool3_A8","AF523699.1",54,58,0.931034482758621,"Daphnia ambigua"
"371","Rockpool3_B10","AY380446.1",277,291,0.951890034364261,"Daphnia obtusaNA2"
"372","Rockpool3_B11","AY380446.1",800,827,0.967351874244256,"Daphnia obtusaNA2"
"373","Rockpool3_B12","AY380446.1",530,543,0.976058931860037,"Daphnia obtusaNA2"
"374","Rockpool3_B1","AF523699.1",52,56,0.928571428571429,"Daphnia ambigua"
"375","Rockpool3_B3","AF523699.1",32,32,1,"Daphnia ambigua"
"376","Rockpool3_B4","AF523699.1",20,20,1,"Daphnia ambigua"
"377","Rockpool3_B5","AF523699.1",24,25,0.96,"Daphnia ambigua"
"378","Rockpool3_B9","AY380446.1",292,297,0.983164983164983,"Daphnia obtusaNA2"
"379","Rockpool3_C10","AY380446.1",693,701,0.988587731811698,"Daphnia obtusaNA2"
"380","Rockpool3_C11","AY380446.1",420,436,0.963302752293578,"Daphnia obtusaNA2"
"381","Rockpool3_C12","AY380446.1",199,208,0.956730769230769,"Daphnia obtusaNA2"
"382","Rockpool3_C1","AY380446.1",1353,1391,0.972681524083393,"Daphnia obtusaNA2"
"383","Rockpool3_C2","AY380446.1",481,485,0.991752577319588,"Daphnia obtusaNA2"
"384","Rockpool3_C3","AY380446.1",1755,1874,0.93649946638207,"Daphnia obtusaNA2"
"385","Rockpool3_C4","AY380446.1",442,474,0.932489451476793,"Daphnia obtusaNA2"
"386","Rockpool3_C5","AY380446.1",2346,2434,0.963845521774856,"Daphnia obtusaNA2"
"387","Rockpool3_C7","AY380446.1",296,300,0.986666666666667,"Daphnia obtusaNA2"
"388","Rockpool3_C8","AY380446.1",112,118,0.949152542372881,"Daphnia obtusaNA2"
"389","Rockpool3_C9","AF523699.1",28,32,0.875,"Daphnia ambigua"
"390","Rockpool3_D10","AY380446.1",240,240,1,"Daphnia obtusaNA2"
"391","Rockpool3_D11","AY380446.1",49,55,0.890909090909091,"Daphnia obtusaNA2"
"392","Rockpool3_D12","AY380446.1",157,181,0.867403314917127,"Daphnia obtusaNA2"
"393","Rockpool3_D1","AY380446.1",437,440,0.993181818181818,"Daphnia obtusaNA2"
"394","Rockpool3_D2","AY380446.1",339,348,0.974137931034483,"Daphnia obtusaNA2"
"395","Rockpool3_D3","AY380446.1",640,1334,0.47976011994003,"Daphnia obtusaNA2"
"396","Rockpool3_D3","AY380446.1",640,1334,0.47976011994003,"Daphnia obtusaNA2"
"397","Rockpool3_D4","AY380446.1",117,120,0.975,"Daphnia obtusaNA2"
"398","Rockpool3_D5","AY380446.1",246,263,0.935361216730038,"Daphnia obtusaNA2"
"399","Rockpool3_D6","AY380446.1",333,339,0.982300884955752,"Daphnia obtusaNA2"
"400","Rockpool3_D7","AY380446.1",51,57,0.894736842105263,"Daphnia obtusaNA2"
"401","Rockpool3_D8","AY380446.1",517,527,0.981024667931689,"Daphnia obtusaNA2"
"402","Rockpool3_D9","AY380446.1",27,27,1,"Daphnia obtusaNA2"
"403","Rockpool3_E10","AY380446.1",211,236,0.894067796610169,"Daphnia obtusaNA2"
"404","Rockpool3_E11","AY380446.1",84,89,0.943820224719101,"Daphnia obtusaNA2"
"405","Rockpool3_E12","AY380446.1",91,94,0.968085106382979,"Daphnia obtusaNA2"
"406","Rockpool3_E1","AY380446.1",92,97,0.948453608247423,"Daphnia obtusaNA2"
"407","Rockpool3_E2","AY380446.1",163,176,0.926136363636364,"Daphnia obtusaNA2"
"408","Rockpool3_E3","AY380446.1",153,158,0.968354430379747,"Daphnia obtusaNA2"
"409","Rockpool3_E4","AY380446.1",76,78,0.974358974358974,"Daphnia obtusaNA2"
"410","Rockpool3_E5","AY380446.1",213,217,0.981566820276498,"Daphnia obtusaNA2"
"411","Rockpool3_E6","AY380446.1",74,74,1,"Daphnia obtusaNA2"
"412","Rockpool3_E7","AY380446.1",42,46,0.91304347826087,"Daphnia obtusaNA2"
"413","Rockpool3_E8","AY380446.1",92,92,1,"Daphnia obtusaNA2"
"414","Rockpool3_E9","AY380446.1",137,154,0.88961038961039,"Daphnia obtusaNA2"
"415","Rockpool3_F11","AY380446.1",484,486,0.995884773662551,"Daphnia obtusaNA2"
"416","Rockpool3_F12","AY380446.1",150,150,1,"Daphnia obtusaNA2"
"417","Rockpool3_F1","AY380446.1",217,235,0.923404255319149,"Daphnia obtusaNA2"
"418","Rockpool3_F2","AY380446.1",98,99,0.98989898989899,"Daphnia obtusaNA2"
"419","Rockpool3_F3","AY380446.1",292,318,0.918238993710692,"Daphnia obtusaNA2"
"420","Rockpool3_F4","AY380446.1",79,79,1,"Daphnia obtusaNA2"
"421","Rockpool3_F5","AY380446.1",142,166,0.855421686746988,"Daphnia obtusaNA2"
"422","Rockpool3_F7","AY380446.1",215,219,0.981735159817352,"Daphnia obtusaNA2"
"423","Rockpool3_F8","AY380446.1",73,76,0.960526315789474,"Daphnia obtusaNA2"
"424","Rockpool3_F9","AY380446.1",95,102,0.931372549019608,"Daphnia obtusaNA2"
"425","Rockpool3_G10","AY380446.1",149,152,0.980263157894737,"Daphnia obtusaNA2"
"426","Rockpool3_G11","AY380446.1",85,89,0.955056179775281,"Daphnia obtusaNA2"
"427","Rockpool3_G12","AY380446.1",140,160,0.875,"Daphnia obtusaNA2"
"428","Rockpool3_G1","AY380446.1",607,634,0.957413249211357,"Daphnia obtusaNA2"
"429","Rockpool3_G2","AY380446.1",501,522,0.959770114942529,"Daphnia obtusaNA2"
"430","Rockpool3_G3","AY380446.1",696,729,0.954732510288066,"Daphnia obtusaNA2"
"431","Rockpool3_G4","AY380446.1",413,418,0.988038277511962,"Daphnia obtusaNA2"
"432","Rockpool3_G5","AY380446.1",431,457,0.943107221006565,"Daphnia obtusaNA2"
"433","Rockpool3_G6","AY380446.1",574,592,0.969594594594595,"Daphnia obtusaNA2"
"434","Rockpool3_G7","AY380446.1",690,773,0.892626131953428,"Daphnia obtusaNA2"
"435","Rockpool3_G8","AY380446.1",243,263,0.923954372623574,"Daphnia obtusaNA2"
"436","Rockpool3_G9","AY380446.1",166,191,0.869109947643979,"Daphnia obtusaNA2"
"437","Rockpool3_H11","AY380446.1",534,559,0.955277280858676,"Daphnia obtusaNA2"
"438","Rockpool3_H12","AY380446.1",405,422,0.959715639810427,"Daphnia obtusaNA2"
"439","Rockpool3_H1","AY380446.1",1034,1065,0.970892018779343,"Daphnia obtusaNA2"
"440","Rockpool3_H2","AY380446.1",732,754,0.970822281167109,"Daphnia obtusaNA2"
"441","Rockpool3_H3","AY380446.1",318,336,0.946428571428571,"Daphnia obtusaNA2"
"442","Rockpool3_H4","AY380446.1",389,399,0.974937343358396,"Daphnia obtusaNA2"
"443","Rockpool3_H5","AY380446.1",158,171,0.923976608187134,"Daphnia obtusaNA2"
"444","Rockpool3_H7","AY380446.1",967,1032,0.937015503875969,"Daphnia obtusaNA2"
"445","Rockpool3_H8","AY380446.1",281,282,0.99645390070922,"Daphnia obtusaNA2"
"446","Rockpool3_H9","AY380446.1",678,724,0.93646408839779,"Daphnia obtusaNA2"
"447","Rockpool4_A10","AY380446.1",10926,11068,0.987170220455367,"Daphnia obtusaNA2"
"448","Rockpool4_A11","AY380446.1",5477,5647,0.969895519744997,"Daphnia obtusaNA2"
"449","Rockpool4_A12","AY380446.1",23,23,1,"Daphnia obtusaNA2"
"450","Rockpool4_A1","AY380446.1",3077,3217,0.956481193658688,"Daphnia obtusaNA2"
"451","Rockpool4_A2","AY380446.1",224,232,0.96551724137931,"Daphnia obtusaNA2"
"452","Rockpool4_A3","AY380446.1",354,384,0.921875,"Daphnia obtusaNA2"
"453","Rockpool4_A5","AY380446.1",24936,25410,0.981345926800472,"Daphnia obtusaNA2"
"454","Rockpool4_A6","AY380446.1",13951,14297,0.97579911869623,"Daphnia obtusaNA2"
"455","Rockpool4_A7","AY380446.1",11479,11640,0.986168384879725,"Daphnia obtusaNA2"
"456","Rockpool4_A8","AY380446.1",3514,3590,0.97883008356546,"Daphnia obtusaNA2"
"457","Rockpool4_A9","AY380446.1",3012,3163,0.952260512171989,"Daphnia obtusaNA2"
"458","Rockpool4_B11","AY380446.1",483,485,0.995876288659794,"Daphnia obtusaNA2"
"459","Rockpool4_B12","AY380446.1",272,278,0.97841726618705,"Daphnia obtusaNA2"
"460","Rockpool4_B1","AY380446.1",3001,3083,0.973402530003244,"Daphnia obtusaNA2"
"461","Rockpool4_B2","AY380446.1",68,68,1,"Daphnia obtusaNA2"
"462","Rockpool4_B3","AY380446.1",802,812,0.987684729064039,"Daphnia obtusaNA2"
"463","Rockpool4_B4","AY380446.1",87,91,0.956043956043956,"Daphnia obtusaNA2"
"464","Rockpool4_B5","AY380446.1",6975,7075,0.985865724381625,"Daphnia obtusaNA2"
"465","Rockpool4_B6","AY380446.1",2420,2460,0.983739837398374,"Daphnia obtusaNA2"
"466","Rockpool4_B7","AY380446.1",1689,1717,0.983692486895748,"Daphnia obtusaNA2"
"467","Rockpool4_B8","AY380446.1",1779,1813,0.981246552675124,"Daphnia obtusaNA2"
"468","Rockpool4_B9","AY380446.1",4049,4121,0.982528512496967,"Daphnia obtusaNA2"
"469","Rockpool4_C10","AY380446.1",16115,16344,0.985988742046011,"Daphnia obtusaNA2"
"470","Rockpool4_C11","AY380446.1",292,298,0.979865771812081,"Daphnia obtusaNA2"
"471","Rockpool4_C12","AY380446.1",179,185,0.967567567567568,"Daphnia obtusaNA2"
"472","Rockpool4_C1","AY380446.1",878,882,0.99546485260771,"Daphnia obtusaNA2"
"473","Rockpool4_C3","AY380446.1",350,356,0.98314606741573,"Daphnia obtusaNA2"
"474","Rockpool4_C4","AY380446.1",604,610,0.99016393442623,"Daphnia obtusaNA2"
"475","Rockpool4_C5","AY380446.1",12020,12136,0.990441661173369,"Daphnia obtusaNA2"
"476","Rockpool4_C6","AY380446.1",2547,2649,0.961494903737259,"Daphnia obtusaNA2"
"477","Rockpool4_C7","AY380446.1",2176,2200,0.989090909090909,"Daphnia obtusaNA2"
"478","Rockpool4_C8","AY380446.1",602,630,0.955555555555556,"Daphnia obtusaNA2"
"479","Rockpool4_C9","AY380446.1",54,60,0.9,"Daphnia obtusaNA2"
"480","Rockpool4_D10","AY380446.1",27,27,1,"Daphnia obtusaNA2"
"481","Rockpool4_D11","AY380446.1",40,40,1,"Daphnia obtusaNA2"
"482","Rockpool4_D12","AY380446.1",22,22,1,"Daphnia obtusaNA2"
"483","Rockpool4_D1","AY380446.1",130,130,1,"Daphnia obtusaNA2"
"484","Rockpool4_D3","AY380446.1",427,443,0.963882618510158,"Daphnia obtusaNA2"
"485","Rockpool4_D5","AY380446.1",277,279,0.992831541218638,"Daphnia obtusaNA2"
"486","Rockpool4_D8","AY380446.1",54,61,0.885245901639344,"Daphnia obtusaNA2"
"487","Rockpool4_D9","AY380446.1",271,285,0.950877192982456,"Daphnia obtusaNA2"
"488","Rockpool4_E10","AY380446.1",974,1016,0.958661417322835,"Daphnia obtusaNA2"
"489","Rockpool4_E12","AY380446.1",345,350,0.985714285714286,"Daphnia obtusaNA2"
"490","Rockpool4_E2","AY380446.1",39,39,1,"Daphnia obtusaNA2"
"491","Rockpool4_E3","AY380446.1",420,434,0.967741935483871,"Daphnia obtusaNA2"
"492","Rockpool4_E4","AY380446.1",107,111,0.963963963963964,"Daphnia obtusaNA2"
"493","Rockpool4_E5","AY380446.1",420,427,0.983606557377049,"Daphnia obtusaNA2"
"494","Rockpool4_E6","AY380446.1",35,37,0.945945945945946,"Daphnia obtusaNA2"
"495","Rockpool4_E7","AY380446.1",322,326,0.987730061349693,"Daphnia obtusaNA2"
"496","Rockpool4_E8","AY380446.1",224,228,0.982456140350877,"Daphnia obtusaNA2"
"497","Rockpool4_E9","AY380446.1",723,743,0.973082099596231,"Daphnia obtusaNA2"
"498","Rockpool4_F11","AY380446.1",308,319,0.96551724137931,"Daphnia obtusaNA2"
"499","Rockpool4_F12","AY380446.1",295,295,1,"Daphnia obtusaNA2"
"500","Rockpool4_F3","AY380446.1",476,484,0.983471074380165,"Daphnia obtusaNA2"
"501","Rockpool4_F4","AY380446.1",73,75,0.973333333333333,"Daphnia obtusaNA2"
"502","Rockpool4_F5","AY380446.1",1209,1255,0.963346613545817,"Daphnia obtusaNA2"
"503","Rockpool4_F6","AY380446.1",130,130,1,"Daphnia obtusaNA2"
"504","Rockpool4_F7","AY380446.1",303,303,1,"Daphnia obtusaNA2"
"505","Rockpool4_F8","AY380446.1",984,1017,0.967551622418879,"Daphnia obtusaNA2"
"506","Rockpool4_F9","AY380446.1",1184,1216,0.973684210526316,"Daphnia obtusaNA2"
"507","Rockpool4_G10","AY380446.1",737,759,0.971014492753623,"Daphnia obtusaNA2"
"508","Rockpool4_G11","AY380446.1",773,799,0.967459324155194,"Daphnia obtusaNA2"
"509","Rockpool4_G12","AY380446.1",649,665,0.97593984962406,"Daphnia obtusaNA2"
"510","Rockpool4_G1","AY380446.1",220,220,1,"Daphnia obtusaNA2"
"511","Rockpool4_G3","AY380446.1",570,578,0.986159169550173,"Daphnia obtusaNA2"
"512","Rockpool4_G6","AY380446.1",186,189,0.984126984126984,"Daphnia obtusaNA2"
"513","Rockpool4_G7","AY380446.1",484,486,0.995884773662551,"Daphnia obtusaNA2"
"514","Rockpool4_G8","AY380446.1",324,328,0.98780487804878,"Daphnia obtusaNA2"
"515","Rockpool4_G9","AY380446.1",727,747,0.973226238286479,"Daphnia obtusaNA2"
"516","Rockpool4_H10","AY380446.1",948,994,0.953722334004024,"Daphnia obtusaNA2"
"517","Rockpool4_H11","AY380446.1",956,1044,0.915708812260536,"Daphnia obtusaNA2"
"518","Rockpool4_H12","AY380446.1",557,567,0.982363315696649,"Daphnia obtusaNA2"
"519","Rockpool4_H1","AY380446.1",239,243,0.983539094650206,"Daphnia obtusaNA2"
"520","Rockpool4_H3","AY380446.1",24,24,1,"Daphnia obtusaNA2"
"521","Rockpool4_H4","AY380446.1",588,610,0.963934426229508,"Daphnia obtusaNA2"
"522","Rockpool4_H5","AY380446.1",125,125,1,"Daphnia obtusaNA2"
"523","Rockpool4_H6","AY380446.1",1378,1401,0.983583154889365,"Daphnia obtusaNA2"
"524","Rockpool4_H7","AY380446.1",504,530,0.950943396226415,"Daphnia obtusaNA2"
"525","Rockpool4_H8","AY380446.1",792,804,0.985074626865672,"Daphnia obtusaNA2"
"526","Rockpool4_H9","AY380446.1",732,754,0.970822281167109,"Daphnia obtusaNA2"
