"","plate_well","clone","date","location","accuratelocation"
"1","Gilmer5_A1","simo","12/22/2023","US","Gilmer"
"2","Gilmer5_A10","Gilmer","12/22/2023","US","Gilmer"
"3","Gilmer5_A11","Gilmer","12/22/2023","US","Gilmer"
"4","Gilmer5_A12","Gilmer","12/22/2023","US","Gilmer"
"5","Gilmer5_A2","simo","12/22/2023","US","Gilmer"
"6","Gilmer5_A3","Gilmer","12/22/2023","US","Gilmer"
"7","Gilmer5_A4","Gilmer","12/22/2023","US","Gilmer"
"8","Gilmer5_A5","Gilmer","12/22/2023","US","Gilmer"
"9","Gilmer5_A6","Gilmer","12/22/2023","US","Gilmer"
"10","Gilmer5_A7","Gilmer","12/22/2023","US","Gilmer"
"11","Gilmer5_A8","Gilmer","12/22/2023","US","Gilmer"
"12","Gilmer5_A9","Gilmer","12/22/2023","US","Gilmer"
"13","Gilmer5_B1","copepod","12/22/2023","US","Gilmer"
"14","Gilmer5_B10","Gilmer","5/10/2024","US","Gilmer"
"15","Gilmer5_B11","Gilmer","5/10/2024","US","Gilmer"
"16","Gilmer5_B12","Gilmer","5/10/2024","US","Gilmer"
"17","Gilmer5_B2","P63_2425","2024","US","P63"
"18","Gilmer5_B3","P63_2427","2024","US","P63"
"19","Gilmer5_B4","P63_2418","2024","US","P63"
"20","Gilmer5_B5","Gilmer","5/10/2024","US","Gilmer"
"21","Gilmer5_B6","Gilmer","5/10/2024","US","Gilmer"
"22","Gilmer5_B7","Gilmer","5/10/2024","US","Gilmer"
"23","Gilmer5_B8","Gilmer","5/10/2024","US","Gilmer"
"24","Gilmer5_B9","Gilmer","5/10/2024","US","Gilmer"
"25","Gilmer5_C1","Gilmer","5/10/2024","US","Gilmer"
"26","Gilmer5_C10","Gilmer","5/10/2024","US","Gilmer"
"27","Gilmer5_C11","Gilmer","5/10/2024","US","Gilmer"
"28","Gilmer5_C12","Gilmer","5/10/2024","US","Gilmer"
"29","Gilmer5_C2","Gilmer","5/10/2024","US","Gilmer"
"30","Gilmer5_C3","Gilmer","5/10/2024","US","Gilmer"
"31","Gilmer5_C4","Gilmer","5/10/2024","US","Gilmer"
"32","Gilmer5_C5","Scapholeberis ","5/10/2024","US","Gilmer"
"33","Gilmer5_C6","Gilmer","5/10/2024","US","Gilmer"
"34","Gilmer5_C7","Gilmer","5/10/2024","US","Gilmer"
"35","Gilmer5_C8","Gilmer","5/10/2024","US","Gilmer"
"36","Gilmer5_C9","Gilmer","5/10/2024","US","Gilmer"
"37","Gilmer5_D1","BLANK","","",""
"38","Gilmer5_D10","Gilmer","5/10/2024","US","Gilmer"
"39","Gilmer5_D11","Gilmer","5/10/2024","US","Gilmer"
"40","Gilmer5_D12","Gilmer","5/10/2024","US","Gilmer"
"41","Gilmer5_D2","Gilmer","5/10/2024","US","Gilmer"
"42","Gilmer5_D3","Gilmer","5/10/2024","US","Gilmer"
"43","Gilmer5_D4","Gilmer","5/10/2024","US","Gilmer"
"44","Gilmer5_D5","Gilmer","5/10/2024","US","Gilmer"
"45","Gilmer5_D6","Gilmer","5/10/2024","US","Gilmer"
"46","Gilmer5_D7","Gilmer","5/10/2024","US","Gilmer"
"47","Gilmer5_D8","Gilmer","5/10/2024","US","Gilmer"
"48","Gilmer5_D9","Gilmer","5/10/2024","US","Gilmer"
"49","Gilmer5_E1","Gilmer","5/10/2024","US","Gilmer"
"50","Gilmer5_E10","Gilmer","5/10/2024","US","Gilmer"
"51","Gilmer5_E11","Gilmer","5/10/2024","US","Gilmer"
"52","Gilmer5_E12","Gilmer","5/10/2024","US","Gilmer"
"53","Gilmer5_E2","Gilmer","5/10/2024","US","Gilmer"
"54","Gilmer5_E3","Gilmer","5/10/2024","US","Gilmer"
"55","Gilmer5_E4","Gilmer","5/10/2024","US","Gilmer"
"56","Gilmer5_E5","Gilmer","5/10/2024","US","Gilmer"
"57","Gilmer5_E6","Gilmer","5/10/2024","US","Gilmer"
"58","Gilmer5_E7","Gilmer","5/10/2024","US","Gilmer"
"59","Gilmer5_E8","Gilmer","5/10/2024","US","Gilmer"
"60","Gilmer5_E9","Gilmer","5/10/2024","US","Gilmer"
"61","Gilmer5_F1","BeaverCreek_Eppegg","11/24/2023","US","BeaverCreek"
"62","Gilmer5_F10","P66","10/7/2023","Rockpool","P66"
"63","Gilmer5_F11","P66","10/7/2023","Rockpool","P66"
"64","Gilmer5_F12","P66","10/7/2023","Rockpool","P66"
"65","Gilmer5_F2","P66","10/7/2023","Rockpool","P66"
"66","Gilmer5_F3","P66","10/7/2023","Rockpool","P66"
"67","Gilmer5_F4","P66","10/7/2023","Rockpool","P66"
"68","Gilmer5_F5","P66","10/7/2023","Rockpool","P66"
"69","Gilmer5_F6","P66","10/7/2023","Rockpool","P66"
"70","Gilmer5_F7","P66","10/7/2023","Rockpool","P66"
"71","Gilmer5_F8","P66","10/7/2023","Rockpool","P66"
"72","Gilmer5_F9","P66","10/7/2023","Rockpool","P66"
"73","Gilmer5_G1","P66","10/7/2023","Rockpool","P66"
"74","Gilmer5_G10","P66","10/7/2023","Rockpool","P66"
"75","Gilmer5_G11","P66","10/7/2023","Rockpool","P66"
"76","Gilmer5_G12","P66","10/7/2023","Rockpool","P66"
"77","Gilmer5_G2","P66","10/7/2023","Rockpool","P66"
"78","Gilmer5_G3","P66","10/7/2023","Rockpool","P66"
"79","Gilmer5_G4","P66","10/7/2023","Rockpool","P66"
"80","Gilmer5_G5","P66","10/7/2023","Rockpool","P66"
"81","Gilmer5_G6","P66","10/7/2023","Rockpool","P66"
"82","Gilmer5_G7","P66","10/7/2023","Rockpool","P66"
"83","Gilmer5_G8","P66","10/7/2023","Rockpool","P66"
"84","Gilmer5_G9","P66","10/7/2023","Rockpool","P66"
"85","Gilmer5_H1","P66","10/7/2023","Rockpool","P66"
"86","Gilmer5_H10","D8.4A","2012","UK","Dorset"
"87","Gilmer5_H11","D8.4A","2012","UK","Dorset"
"88","Gilmer5_H12","D8.4A","2012","UK","Dorset"
"89","Gilmer5_H2","P66","10/7/2023","Rockpool","P66"
"90","Gilmer5_H3","P66","10/7/2023","Rockpool","P66"
"91","Gilmer5_H4","P66","10/7/2023","Rockpool","P66"
"92","Gilmer5_H5","P66","10/7/2023","Rockpool","P66"
"93","Gilmer5_H6","BLANK","","",""
"94","Gilmer5_H7","PBO66_2429A","2024","Rockpool","PBO66"
"95","Gilmer5_H8","PBO66_2420A","2024","Rockpool","PBO66"
"96","Gilmer5_H9","P19_50","","UK","Reading"
"97","RobertUK_A1","DRamps_2301","2023","UK","Dorset"
"98","RobertUK_A10","Pottcarr1_02","2023","UK","PottericCarr"
"99","RobertUK_A11","BirdHut_03","2023","UK","Lincoln"
"100","RobertUK_A12","DBunk_2351","2023","UK","Dorset"
"101","RobertUK_A2","Islands_01","2023","UK","Reading"
"102","RobertUK_A3","PVet_66","2023","UK","Manchester"
"103","RobertUK_A4","DRail_57","2023","UK","Dorset"
"104","RobertUK_A5","DIris_02","2023","UK","Dorset"
"105","RobertUK_A6","PSnake_55","2023","UK","Reading"
"106","RobertUK_A7","Melford_01","2023","UK","Melford"
"107","RobertUK_A8","Pottcarr2_55","2023","UK","PottericCarr"
"108","RobertUK_A9","XXX5_1","2023","UK","Melford"
"109","RobertUK_B1","PottCarr2_56","2023","UK","PottericCarr"
"110","RobertUK_B10","PVet_67","2023","UK","Manchester"
"111","RobertUK_B11","Gilmer_2303","2023","US","Gilmer"
"112","RobertUK_B12","Warbler_02","2023","UK","Melford"
"113","RobertUK_B2","PottCarr1_09","2023","UK","PottericCarr"
"114","RobertUK_B3","P19_2302","2023","UK","Reading"
"115","RobertUK_B4","DCat_2356","2023","UK","Dorset"
"116","RobertUK_B5","Elvis_02","2023","UK","Lincoln"
"117","RobertUK_B6","Islands_02","2023","UK","Reading"
"118","RobertUK_B7","BLANK","","",""
"119","RobertUK_B8","BirdHut_06","2023","UK","Lincoln"
"120","RobertUK_B9","P25_2351","2023","UK","Manchester"
"121","RobertUK_C1","Shallow_52","2023","UK","Melford"
"122","RobertUK_C10","Cafe_01","2023","UK","Melford"
"123","RobertUK_C11","DLily_2362","2023","UK","Dorset"
"124","RobertUK_C12","DRail_61","2023","UK","Dorset"
"125","RobertUK_C2","Warbler_03","2023","UK","Melford"
"126","RobertUK_C3","DTiny_58","2023","UK","Dorset"
"127","RobertUK_C4","Canal_02","2023","UK","Reading"
"128","RobertUK_C5","Warbler_53","2023","UK","Melford"
"129","RobertUK_C6","DOily_51","2023","UK","Dorset"
"130","RobertUK_C7","D8_2355","2023","UK","Dorset"
"131","RobertUK_C8","P30_2352","2023","UK","Knaresborough"
"132","RobertUK_C9","DNorden_07","2023","UK","Dorset"
"133","RobertUK_D1","Shallow_06","2023","UK","Melford"
"134","RobertUK_D10","Melford_51","2023","UK","Melford"
"135","RobertUK_D11","Sharp_2450","2024","UK","Melford"
"136","RobertUK_D12","Shallow_05","2023","UK","Melford"
"137","RobertUK_D2","PottCarr2_53","2023","UK","PottericCarr"
"138","RobertUK_D3","D8_2352","2023","UK","Dorset"
"139","RobertUK_D4","DBunk_2357","2023","UK","Dorset"
"140","RobertUK_D5","DTiny_66","2023","UK","Dorset"
"141","RobertUK_D6","P17_2302","2023","UK","Reading"
"142","RobertUK_D7","P6_2301","2023","UK","Melford"
"143","RobertUK_D8","Elvis_03","2023","UK","Lincoln"
"144","RobertUK_D9","BeaverCreek_06","2023","US","BeaverCreek"
"145","RobertUK_E1","P30_2376","2023","UK","Knaresborough"
"146","RobertUK_E10","DLily_2365","2023","UK","Dorset"
"147","RobertUK_E11","DBunk_2360","2023","UK","Dorset"
"148","RobertUK_E12","Shallow_02","2023","UK","Melford"
"149","RobertUK_E2","PVet_69","2023","UK","Manchester"
"150","RobertUK_E3","P25_2302","2023","UK","Manchester"
"151","RobertUK_E4","DTiny_54","2023","UK","Dorset"
"152","RobertUK_E5","Cafe_03","2023","UK","Melford"
"153","RobertUK_E6","P25_2301","2023","UK","Manchester"
"154","RobertUK_E7","P30_2364","2023","UK","Knaresborough"
"155","RobertUK_E8","DTiny_90","2023","UK","Dorset"
"156","RobertUK_E9","D8_2367","2023","UK","Dorset"
"157","RobertUK_F1","DCat_2453","2024","UK","Dorset"
"158","RobertUK_F10","DRamps_2451","2024","UK","Dorset"
"159","RobertUK_F11","DRusty_2407","2024","UK","Dorset"
"160","RobertUK_F12","Shallow_2452","2024","UK","Melford"
"161","RobertUK_F2","DBunk_2409","2024","UK","Dorset"
"162","RobertUK_F3","DMud_2459","2024","UK","Dorset"
"163","RobertUK_F4","DNorden_2402","2024","UK","Dorset"
"164","RobertUK_F5","Cafe_2410","2024","UK","Melford"
"165","RobertUK_F6","DRail_2413","2024","UK","Dorset"
"166","RobertUK_F7","DSandy_2402","2024","UK","Dorset"
"167","RobertUK_F8","DMountie_2407","2024","UK","Dorset"
"168","RobertUK_F9","DTiny_2413","2024","UK","Dorset"
"169","RobertUK_G1","Melford_54","2023","UK","Melford"
"170","RobertUK_G10","DTiny_52","2023","UK","Dorset"
"171","RobertUK_G11","DMountie_50.6","2023","UK","Dorset"
"172","RobertUK_G12","Canal_01","2023","UK","Reading"
"173","RobertUK_G2","PottCarr3_50.2","2023","UK","PottericCarr"
"174","RobertUK_G3","P6_2356","2023","UK","Melford"
"175","RobertUK_G4","DCat_2364","2023","UK","Dorset"
"176","RobertUK_G5","Canal_03","2023","UK","Reading"
"177","RobertUK_G6","DOak_2303","2023","UK","Dorset"
"178","RobertUK_G7","P17_2301","2023","UK","Reading"
"179","RobertUK_G8","DTiny_72","2023","UK","Dorset"
"180","RobertUK_G9","DRamps_2302","2023","UK","Dorset"
"181","RobertUK_H1","D8_2360","2023","UK","Dorset"
"182","RobertUK_H10","DIris_03","2023","UK","Dorset"
"183","RobertUK_H11","DBunk_2359","2023","UK","Dorset"
"184","RobertUK_H12","DLily_2301","2023","UK","Dorset"
"185","RobertUK_H2","DCat_2353","2023","UK","Dorset"
"186","RobertUK_H3","PVet_60","2023","UK","Manchester"
"187","RobertUK_H4","P30_2306","2023","UK","Knaresborough"
"188","RobertUK_H5","BirdHut_06","2023","UK","Lincoln"
"189","RobertUK_H6","Elvis_03","2023","UK","Lincoln"
"190","RobertUK_H7","Cafe_05","2023","UK","Melford"
"191","RobertUK_H8","P30_2369","2023","UK","Knaresborough"
"192","RobertUK_H9","PottCarr3_50.1","2023","UK","PottericCarr"
"193","Rockpool1_A1","P58","6/8/2021","Rockpool","P58"
"194","Rockpool1_A10","P58","6/8/2021","Rockpool","P58"
"195","Rockpool1_A11","P58","6/8/2021","Rockpool","P58"
"196","Rockpool1_A12","P58","6/8/2021","Rockpool","P58"
"197","Rockpool1_A2","P58","6/8/2021","Rockpool","P58"
"198","Rockpool1_A3","P58","6/8/2021","Rockpool","P58"
"199","Rockpool1_A4","P58","6/8/2021","Rockpool","P58"
"200","Rockpool1_A5","P58","6/8/2021","Rockpool","P58"
"201","Rockpool1_A6","P58","6/8/2021","Rockpool","P58"
"202","Rockpool1_A7","P58","6/8/2021","Rockpool","P58"
"203","Rockpool1_A8","P58","6/8/2021","Rockpool","P58"
"204","Rockpool1_A9","P58","6/8/2021","Rockpool","P58"
"205","Rockpool1_B1","P58","6/8/2021","Rockpool","P58"
"206","Rockpool1_B10","P63","6/8/2021","Rockpool","P63"
"207","Rockpool1_B11","P63","6/8/2021","Rockpool","P63"
"208","Rockpool1_B12","P63","6/8/2021","Rockpool","P63"
"209","Rockpool1_B2","P58","6/8/2021","Rockpool","P58"
"210","Rockpool1_B3","P58","6/8/2021","Rockpool","P58"
"211","Rockpool1_B4","BLANK","","",""
"212","Rockpool1_B5","P63","6/8/2021","Rockpool","P63"
"213","Rockpool1_B6","P63","6/8/2021","Rockpool","P63"
"214","Rockpool1_B7","P63","6/8/2021","Rockpool","P63"
"215","Rockpool1_B8","P63","6/8/2021","Rockpool","P63"
"216","Rockpool1_B9","P63","6/8/2021","Rockpool","P63"
"217","Rockpool1_C1","P62","7/12/2023","Rockpool","P62"
"218","Rockpool1_C10","P58","10/7/2023","Rockpool","P58"
"219","Rockpool1_C11","P58","10/7/2023","Rockpool","P58"
"220","Rockpool1_C12","P58","10/7/2023","Rockpool","P58"
"221","Rockpool1_C2","P62","7/12/2023","Rockpool","P62"
"222","Rockpool1_C3","P62","7/12/2023","Rockpool","P62"
"223","Rockpool1_C4","P58","10/7/2023","Rockpool","P58"
"224","Rockpool1_C5","P58","10/7/2023","Rockpool","P58"
"225","Rockpool1_C6","P58","10/7/2023","Rockpool","P58"
"226","Rockpool1_C7","P58","10/7/2023","Rockpool","P58"
"227","Rockpool1_C8","P58","10/7/2023","Rockpool","P58"
"228","Rockpool1_C9","P58","10/7/2023","Rockpool","P58"
"229","Rockpool1_D1","P58","10/7/2023","Rockpool","P58"
"230","Rockpool1_D10","P58","10/7/2023","Rockpool","P58"
"231","Rockpool1_D11","P58","10/7/2023","Rockpool","P58"
"232","Rockpool1_D12","P58","10/7/2023","Rockpool","P58"
"233","Rockpool1_D2","P58","10/7/2023","Rockpool","P58"
"234","Rockpool1_D3","P58","10/7/2023","Rockpool","P58"
"235","Rockpool1_D4","P58","10/7/2023","Rockpool","P58"
"236","Rockpool1_D5","P58","10/7/2023","Rockpool","P58"
"237","Rockpool1_D6","P58","10/7/2023","Rockpool","P58"
"238","Rockpool1_D7","P58","10/7/2023","Rockpool","P58"
"239","Rockpool1_D8","P58","10/7/2023","Rockpool","P58"
"240","Rockpool1_D9","P58","10/7/2023","Rockpool","P58"
"241","Rockpool1_E1","P58","10/7/2023","Rockpool","P58"
"242","Rockpool1_E10","P63","10/7/2023","Rockpool","P63"
"243","Rockpool1_E11","P63","10/7/2023","Rockpool","P63"
"244","Rockpool1_E12","P63","10/7/2023","Rockpool","P63"
"245","Rockpool1_E2","P58","10/7/2023","Rockpool","P58"
"246","Rockpool1_E3","P58","10/7/2023","Rockpool","P58"
"247","Rockpool1_E4","P58","10/7/2023","Rockpool","P58"
"248","Rockpool1_E5","P58","10/7/2023","Rockpool","P58"
"249","Rockpool1_E6","P58","10/7/2023","Rockpool","P58"
"250","Rockpool1_E7","P58","10/7/2023","Rockpool","P58"
"251","Rockpool1_E8","P58","10/7/2023","Rockpool","P58"
"252","Rockpool1_E9","P63","10/7/2023","Rockpool","P63"
"253","Rockpool1_F1","P63","10/7/2023","Rockpool","P63"
"254","Rockpool1_F10","P63","10/7/2023","Rockpool","P63"
"255","Rockpool1_F11","P63","10/7/2023","Rockpool","P63"
"256","Rockpool1_F12","P63","10/7/2023","Rockpool","P63"
"257","Rockpool1_F2","P63","10/7/2023","Rockpool","P63"
"258","Rockpool1_F3","P63","10/7/2023","Rockpool","P63"
"259","Rockpool1_F4","P63","10/7/2023","Rockpool","P63"
"260","Rockpool1_F5","P63","10/7/2023","Rockpool","P63"
"261","Rockpool1_F6","P63","10/7/2023","Rockpool","P63"
"262","Rockpool1_F7","P63","10/7/2023","Rockpool","P63"
"263","Rockpool1_F8","P63","10/7/2023","Rockpool","P63"
"264","Rockpool1_F9","P63","10/7/2023","Rockpool","P63"
"265","Rockpool1_G1","P63","10/7/2023","Rockpool","P63"
"266","Rockpool1_G10","P63","10/7/2023","Rockpool","P63"
"267","Rockpool1_G11","P63","10/7/2023","Rockpool","P63"
"268","Rockpool1_G12","P63","10/7/2023","Rockpool","P63"
"269","Rockpool1_G2","P63","10/7/2023","Rockpool","P63"
"270","Rockpool1_G3","P63","10/7/2023","Rockpool","P63"
"271","Rockpool1_G4","P63","10/7/2023","Rockpool","P63"
"272","Rockpool1_G5","P63","10/7/2023","Rockpool","P63"
"273","Rockpool1_G6","P63","10/7/2023","Rockpool","P63"
"274","Rockpool1_G7","P63","10/7/2023","Rockpool","P63"
"275","Rockpool1_G8","P63","10/7/2023","Rockpool","P63"
"276","Rockpool1_G9","P63","10/7/2023","Rockpool","P63"
"277","Rockpool1_H1","P759","5/28/2024","Rockpool","P759"
"278","Rockpool1_H10","P759","5/28/2024","Rockpool","P759"
"279","Rockpool1_H11","P63","10/7/2023","Rockpool","P63"
"280","Rockpool1_H12","P63","10/7/2023","Rockpool","P63"
"281","Rockpool1_H2","P759","5/28/2024","Rockpool","P759"
"282","Rockpool1_H3","P759","5/28/2024","Rockpool","P759"
"283","Rockpool1_H4","P759","5/28/2024","Rockpool","P759"
"284","Rockpool1_H5","P759","5/28/2024","Rockpool","P759"
"285","Rockpool1_H6","P759","5/28/2024","Rockpool","P759"
"286","Rockpool1_H7","P759","5/28/2024","Rockpool","P759"
"287","Rockpool1_H8","P759","5/28/2024","Rockpool","P759"
"288","Rockpool1_H9","P759","5/28/2024","Rockpool","P759"
"289","Rockpool2_A1","P62","7/12/2023","Rockpool","P62"
"290","Rockpool2_A10","P62","7/12/2023","Rockpool","P62"
"291","Rockpool2_A11","P62","7/12/2023","Rockpool","P62"
"292","Rockpool2_A12","P62","7/12/2023","Rockpool","P62"
"293","Rockpool2_A2","P62","7/12/2023","Rockpool","P62"
"294","Rockpool2_A3","P62","7/12/2023","Rockpool","P62"
"295","Rockpool2_A4","P62","7/12/2023","Rockpool","P62"
"296","Rockpool2_A5","P62","7/12/2023","Rockpool","P62"
"297","Rockpool2_A6","P62","7/12/2023","Rockpool","P62"
"298","Rockpool2_A7","P62","7/12/2023","Rockpool","P62"
"299","Rockpool2_A8","P62","7/12/2023","Rockpool","P62"
"300","Rockpool2_A9","P62","7/12/2023","Rockpool","P62"
"301","Rockpool2_B1","P62","7/12/2023","Rockpool","P62"
"302","Rockpool2_B10","P62","7/12/2023","Rockpool","P62"
"303","Rockpool2_B11","P62","7/12/2023","Rockpool","P62"
"304","Rockpool2_B12","P62","7/12/2023","Rockpool","P62"
"305","Rockpool2_B2","P62","7/12/2023","Rockpool","P62"
"306","Rockpool2_B3","P62","7/12/2023","Rockpool","P62"
"307","Rockpool2_B4","P62","7/12/2023","Rockpool","P62"
"308","Rockpool2_B5","P62","7/12/2023","Rockpool","P62"
"309","Rockpool2_B6","P62","7/12/2023","Rockpool","P62"
"310","Rockpool2_B7","P62","7/12/2023","Rockpool","P62"
"311","Rockpool2_B8","P62","7/12/2023","Rockpool","P62"
"312","Rockpool2_B9","P62","7/12/2023","Rockpool","P62"
"313","Rockpool2_C1","P62","7/12/2023","Rockpool","P62"
"314","Rockpool2_C10","P66","7/12/2023","Rockpool","P66"
"315","Rockpool2_C11","P66","7/12/2023","Rockpool","P66"
"316","Rockpool2_C12","P66","7/12/2023","Rockpool","P66"
"317","Rockpool2_C2","P62","7/12/2023","Rockpool","P62"
"318","Rockpool2_C3","P66","7/12/2023","Rockpool","P66"
"319","Rockpool2_C4","P66","7/12/2023","Rockpool","P66"
"320","Rockpool2_C5","P66","7/12/2023","Rockpool","P66"
"321","Rockpool2_C6","P66","7/12/2023","Rockpool","P66"
"322","Rockpool2_C7","P66","7/12/2023","Rockpool","P66"
"323","Rockpool2_C8","P66","7/12/2023","Rockpool","P66"
"324","Rockpool2_C9","P66","7/12/2023","Rockpool","P66"
"325","Rockpool2_D1","P66","7/12/2023","Rockpool","P66"
"326","Rockpool2_D10","P66","7/12/2023","Rockpool","P66"
"327","Rockpool2_D11","P66","7/12/2023","Rockpool","P66"
"328","Rockpool2_D12","P66","7/12/2023","Rockpool","P66"
"329","Rockpool2_D2","P66","7/12/2023","Rockpool","P66"
"330","Rockpool2_D3","P66","7/12/2023","Rockpool","P66"
"331","Rockpool2_D4","P66","7/12/2023","Rockpool","P66"
"332","Rockpool2_D5","P66","7/12/2023","Rockpool","P66"
"333","Rockpool2_D6","P66","7/12/2023","Rockpool","P66"
"334","Rockpool2_D7","P66","7/12/2023","Rockpool","P66"
"335","Rockpool2_D8","P66","7/12/2023","Rockpool","P66"
"336","Rockpool2_D9","P66","7/12/2023","Rockpool","P66"
"337","Rockpool2_E1","P66","7/12/2023","Rockpool","P66"
"338","Rockpool2_E10","P66","6/8/2021","Rockpool","P66"
"339","Rockpool2_E11","P66","6/8/2021","Rockpool","P66"
"340","Rockpool2_E12","P66","6/8/2021","Rockpool","P66"
"341","Rockpool2_E2","P66","7/12/2023","Rockpool","P66"
"342","Rockpool2_E3","P66","7/12/2023","Rockpool","P66"
"343","Rockpool2_E4","P66","7/12/2023","Rockpool","P66"
"344","Rockpool2_E5","P66","7/12/2023","Rockpool","P66"
"345","Rockpool2_E6","P66","7/12/2023","Rockpool","P66"
"346","Rockpool2_E7","P66","7/12/2023","Rockpool","P66"
"347","Rockpool2_E8","P66","7/12/2023","Rockpool","P66"
"348","Rockpool2_E9","P66","6/8/2021","Rockpool","P66"
"349","Rockpool2_F1","P63","6/8/2021","Rockpool","P63"
"350","Rockpool2_F10","P63","6/8/2021","Rockpool","P63"
"351","Rockpool2_F11","P63","6/8/2021","Rockpool","P63"
"352","Rockpool2_F12","P63","6/8/2021","Rockpool","P63"
"353","Rockpool2_F2","P63","6/8/2021","Rockpool","P63"
"354","Rockpool2_F3","P63","6/8/2021","Rockpool","P63"
"355","Rockpool2_F4","P63","6/8/2021","Rockpool","P63"
"356","Rockpool2_F5","P63","6/8/2021","Rockpool","P63"
"357","Rockpool2_F6","P63","6/8/2021","Rockpool","P63"
"358","Rockpool2_F7","P63","6/8/2021","Rockpool","P63"
"359","Rockpool2_F8","P63","6/8/2021","Rockpool","P63"
"360","Rockpool2_F9","P63","6/8/2021","Rockpool","P63"
"361","Rockpool2_G1","P63","6/8/2021","Rockpool","P63"
"362","Rockpool2_G10","P58","6/8/2021","Rockpool","P58"
"363","Rockpool2_G11","P58","6/8/2021","Rockpool","P58"
"364","Rockpool2_G12","P58","6/8/2021","Rockpool","P58"
"365","Rockpool2_G2","P63","6/8/2021","Rockpool","P63"
"366","Rockpool2_G3","P63","6/8/2021","Rockpool","P63"
"367","Rockpool2_G4","P63","6/8/2021","Rockpool","P63"
"368","Rockpool2_G5","P63","6/8/2021","Rockpool","P63"
"369","Rockpool2_G6","BLANK","","",""
"370","Rockpool2_G7","P58","6/8/2021","Rockpool","P58"
"371","Rockpool2_G8","P58","6/8/2021","Rockpool","P58"
"372","Rockpool2_G9","P58","6/8/2021","Rockpool","P58"
"373","Rockpool2_H1","P58","6/8/2021","Rockpool","P58"
"374","Rockpool2_H10","P58","6/8/2021","Rockpool","P58"
"375","Rockpool2_H11","P58","6/8/2021","Rockpool","P58"
"376","Rockpool2_H12","P58","6/8/2021","Rockpool","P58"
"377","Rockpool2_H2","P58","6/8/2021","Rockpool","P58"
"378","Rockpool2_H3","P58","6/8/2021","Rockpool","P58"
"379","Rockpool2_H4","P58","6/8/2021","Rockpool","P58"
"380","Rockpool2_H5","P58","6/8/2021","Rockpool","P58"
"381","Rockpool2_H6","P58","6/8/2021","Rockpool","P58"
"382","Rockpool2_H7","P58","6/8/2021","Rockpool","P58"
"383","Rockpool2_H8","P58","6/8/2021","Rockpool","P58"
"384","Rockpool2_H9","P58","6/8/2021","Rockpool","P58"
"385","Rockpool3_A1","P759","5/28/2024","Rockpool","P759"
"386","Rockpool3_A10","P759","5/28/2024","Rockpool","P759"
"387","Rockpool3_A11","P759","5/28/2024","Rockpool","P759"
"388","Rockpool3_A12","P759","5/28/2024","Rockpool","P759"
"389","Rockpool3_A2","P759","5/28/2024","Rockpool","P759"
"390","Rockpool3_A3","P759","5/28/2024","Rockpool","P759"
"391","Rockpool3_A4","P759","5/28/2024","Rockpool","P759"
"392","Rockpool3_A5","P759","5/28/2024","Rockpool","P759"
"393","Rockpool3_A6","P759","5/28/2024","Rockpool","P759"
"394","Rockpool3_A7","P759","5/28/2024","Rockpool","P759"
"395","Rockpool3_A8","P759","5/28/2024","Rockpool","P759"
"396","Rockpool3_A9","P759","5/28/2024","Rockpool","P759"
"397","Rockpool3_B1","P759","5/28/2024","Rockpool","P759"
"398","Rockpool3_B10","P66","5/4/2024","Rockpool","P66"
"399","Rockpool3_B11","P66","5/4/2024","Rockpool","P66"
"400","Rockpool3_B12","P66","5/4/2024","Rockpool","P66"
"401","Rockpool3_B2","P759","5/28/2024","Rockpool","P759"
"402","Rockpool3_B3","P759","5/28/2024","Rockpool","P759"
"403","Rockpool3_B4","P759","5/28/2024","Rockpool","P759"
"404","Rockpool3_B5","P759","5/28/2024","Rockpool","P759"
"405","Rockpool3_B6","P759","5/28/2024","Rockpool","P759"
"406","Rockpool3_B7","P759","5/28/2024","Rockpool","P759"
"407","Rockpool3_B8","P759","5/28/2024","Rockpool","P759"
"408","Rockpool3_B9","P66","5/4/2024","Rockpool","P66"
"409","Rockpool3_C1","P66","5/4/2024","Rockpool","P66"
"410","Rockpool3_C10","P66","5/4/2024","Rockpool","P66"
"411","Rockpool3_C11","P66","5/4/2024","Rockpool","P66"
"412","Rockpool3_C12","P66","5/4/2024","Rockpool","P66"
"413","Rockpool3_C2","P66","5/4/2024","Rockpool","P66"
"414","Rockpool3_C3","P66","5/4/2024","Rockpool","P66"
"415","Rockpool3_C4","P66","5/4/2024","Rockpool","P66"
"416","Rockpool3_C5","P66","5/4/2024","Rockpool","P66"
"417","Rockpool3_C6","P66","5/4/2024","Rockpool","P66"
"418","Rockpool3_C7","P66","5/4/2024","Rockpool","P66"
"419","Rockpool3_C8","P66","5/4/2024","Rockpool","P66"
"420","Rockpool3_C9","P66","5/4/2024","Rockpool","P66"
"421","Rockpool3_D1","P66","5/4/2024","Rockpool","P66"
"422","Rockpool3_D10","P66","5/4/2024","Rockpool","P66"
"423","Rockpool3_D11","P62","6/8/2021","Rockpool","P62"
"424","Rockpool3_D12","P62","6/8/2021","Rockpool","P62"
"425","Rockpool3_D2","P66","5/4/2024","Rockpool","P66"
"426","Rockpool3_D3","P66","5/4/2024","Rockpool","P66"
"427","Rockpool3_D4","P66","5/4/2024","Rockpool","P66"
"428","Rockpool3_D5","P66","5/4/2024","Rockpool","P66"
"429","Rockpool3_D6","P66","5/4/2024","Rockpool","P66"
"430","Rockpool3_D7","P66","5/4/2024","Rockpool","P66"
"431","Rockpool3_D8","P66","5/4/2024","Rockpool","P66"
"432","Rockpool3_D9","P66","5/4/2024","Rockpool","P66"
"433","Rockpool3_E1","P62","6/8/2021","Rockpool","P62"
"434","Rockpool3_E10","P62","6/8/2021","Rockpool","P62"
"435","Rockpool3_E11","P62","6/8/2021","Rockpool","P62"
"436","Rockpool3_E12","P62","6/8/2021","Rockpool","P62"
"437","Rockpool3_E2","P62","6/8/2021","Rockpool","P62"
"438","Rockpool3_E3","P62","6/8/2021","Rockpool","P62"
"439","Rockpool3_E4","P62","6/8/2021","Rockpool","P62"
"440","Rockpool3_E5","P62","6/8/2021","Rockpool","P62"
"441","Rockpool3_E6","P62","6/8/2021","Rockpool","P62"
"442","Rockpool3_E7","P62","6/8/2021","Rockpool","P62"
"443","Rockpool3_E8","P62","6/8/2021","Rockpool","P62"
"444","Rockpool3_E9","P62","6/8/2021","Rockpool","P62"
"445","Rockpool3_F1","P62","6/8/2021","Rockpool","P62"
"446","Rockpool3_F10","P62","6/8/2021","Rockpool","P62"
"447","Rockpool3_F11","P62","6/8/2021","Rockpool","P62"
"448","Rockpool3_F12","P62","6/8/2021","Rockpool","P62"
"449","Rockpool3_F2","P62","6/8/2021","Rockpool","P62"
"450","Rockpool3_F3","P62","6/8/2021","Rockpool","P62"
"451","Rockpool3_F4","P62","6/8/2021","Rockpool","P62"
"452","Rockpool3_F5","P62","6/8/2021","Rockpool","P62"
"453","Rockpool3_F6","P62","6/8/2021","Rockpool","P62"
"454","Rockpool3_F7","P62","6/8/2021","Rockpool","P62"
"455","Rockpool3_F8","P62","6/8/2021","Rockpool","P62"
"456","Rockpool3_F9","P62","6/8/2021","Rockpool","P62"
"457","Rockpool3_G1","P63","5/4/2024","Rockpool","P63"
"458","Rockpool3_G10","P62","6/8/2021","Rockpool","P62"
"459","Rockpool3_G11","P62","6/8/2021","Rockpool","P62"
"460","Rockpool3_G12","P62","6/8/2021","Rockpool","P62"
"461","Rockpool3_G2","P63","5/4/2024","Rockpool","P63"
"462","Rockpool3_G3","P63","5/4/2024","Rockpool","P63"
"463","Rockpool3_G4","P63","5/4/2024","Rockpool","P63"
"464","Rockpool3_G5","P63","5/4/2024","Rockpool","P63"
"465","Rockpool3_G6","P63","5/4/2024","Rockpool","P63"
"466","Rockpool3_G7","P63","5/4/2024","Rockpool","P63"
"467","Rockpool3_G8","P63","5/4/2024","Rockpool","P63"
"468","Rockpool3_G9","P62","6/8/2021","Rockpool","P62"
"469","Rockpool3_H1","P63","5/4/2024","Rockpool","P63"
"470","Rockpool3_H10","BLANK","","",""
"471","Rockpool3_H11","P63","5/4/2024","Rockpool","P63"
"472","Rockpool3_H12","P63","5/4/2024","Rockpool","P63"
"473","Rockpool3_H2","P63","5/4/2024","Rockpool","P63"
"474","Rockpool3_H3","P63","5/4/2024","Rockpool","P63"
"475","Rockpool3_H4","P63","5/4/2024","Rockpool","P63"
"476","Rockpool3_H5","P63","5/4/2024","Rockpool","P63"
"477","Rockpool3_H6","P63","5/4/2024","Rockpool","P63"
"478","Rockpool3_H7","P63","5/4/2024","Rockpool","P63"
"479","Rockpool3_H8","P63","5/4/2024","Rockpool","P63"
"480","Rockpool3_H9","P63","5/4/2024","Rockpool","P63"
"481","Rockpool4_A1","P63","5/4/2024","Rockpool","P63"
"482","Rockpool4_A10","P63","5/4/2024","Rockpool","P63"
"483","Rockpool4_A11","P63","5/4/2024","Rockpool","P63"
"484","Rockpool4_A12","Blank","","",""
"485","Rockpool4_A2","P63","5/4/2024","Rockpool","P63"
"486","Rockpool4_A3","P63","5/4/2024","Rockpool","P63"
"487","Rockpool4_A4","P63","5/4/2024","Rockpool","P63"
"488","Rockpool4_A5","P63","5/4/2024","Rockpool","P63"
"489","Rockpool4_A6","P63","5/4/2024","Rockpool","P63"
"490","Rockpool4_A7","P63","5/4/2024","Rockpool","P63"
"491","Rockpool4_A8","P63","5/4/2024","Rockpool","P63"
"492","Rockpool4_A9","P63","5/4/2024","Rockpool","P63"
"493","Rockpool4_B1","P62","7/17/2024","Rockpool","P62"
"494","Rockpool4_B10","P62","7/17/2024","Rockpool","P62"
"495","Rockpool4_B11","P62","7/17/2024","Rockpool","P62"
"496","Rockpool4_B12","P62","7/17/2024","Rockpool","P62"
"497","Rockpool4_B2","P62","7/17/2024","Rockpool","P62"
"498","Rockpool4_B3","P62","7/17/2024","Rockpool","P62"
"499","Rockpool4_B4","P62","7/17/2024","Rockpool","P62"
"500","Rockpool4_B5","P62","7/17/2024","Rockpool","P62"
"501","Rockpool4_B6","P62","7/17/2024","Rockpool","P62"
"502","Rockpool4_B7","P62","7/17/2024","Rockpool","P62"
"503","Rockpool4_B8","P62","7/17/2024","Rockpool","P62"
"504","Rockpool4_B9","P62","7/17/2024","Rockpool","P62"
"505","Rockpool4_C1","Gilmer","6/29/2023","US","Gilmer"
"506","Rockpool4_C10","P62","7/17/2024","Rockpool","P62"
"507","Rockpool4_C11","P62","7/17/2024","Rockpool","P62"
"508","Rockpool4_C12","P62","7/17/2024","Rockpool","P62"
"509","Rockpool4_C2","Gilmer","6/29/2023","US","Gilmer"
"510","Rockpool4_C3","Sididae","9/2/2023","Joanna_coll",""
"511","Rockpool4_C4","P62","7/17/2024","Rockpool","P62"
"512","Rockpool4_C5","P62","7/17/2024","Rockpool","P62"
"513","Rockpool4_C6","P62","7/17/2024","Rockpool","P62"
"514","Rockpool4_C7","P62","7/17/2024","Rockpool","P62"
"515","Rockpool4_C8","P62","7/17/2024","Rockpool","P62"
"516","Rockpool4_C9","P62","7/17/2024","Rockpool","P62"
"517","Rockpool4_D1","Gilmer","6/29/2023","US","Gilmer"
"518","Rockpool4_D10","Gilmer","6/29/2023","US","Gilmer"
"519","Rockpool4_D11","Gilmer","6/29/2023","US","Gilmer"
"520","Rockpool4_D12","Gilmer","6/29/2023","US","Gilmer"
"521","Rockpool4_D2","Gilmer","6/29/2023","US","Gilmer"
"522","Rockpool4_D3","Gilmer","6/29/2023","US","Gilmer"
"523","Rockpool4_D4","Gilmer","6/29/2023","US","Gilmer"
"524","Rockpool4_D5","Gilmer","6/29/2023","US","Gilmer"
"525","Rockpool4_D6","Gilmer","6/29/2023","US","Gilmer"
"526","Rockpool4_D7","Gilmer","6/29/2023","US","Gilmer"
"527","Rockpool4_D8","Gilmer","6/29/2023","US","Gilmer"
"528","Rockpool4_D9","Gilmer","6/29/2023","US","Gilmer"
"529","Rockpool4_E1","Gilmer","6/29/2023","US","Gilmer"
"530","Rockpool4_E10","Gilmer","6/29/2023","US","Gilmer"
"531","Rockpool4_E11","Gilmer","6/29/2023","US","Gilmer"
"532","Rockpool4_E12","Gilmer","6/29/2023","US","Gilmer"
"533","Rockpool4_E2","Gilmer","6/29/2023","US","Gilmer"
"534","Rockpool4_E3","Gilmer","6/29/2023","US","Gilmer"
"535","Rockpool4_E4","Gilmer","6/29/2023","US","Gilmer"
"536","Rockpool4_E5","Gilmer","6/29/2023","US","Gilmer"
"537","Rockpool4_E6","Gilmer","6/29/2023","US","Gilmer"
"538","Rockpool4_E7","Gilmer","6/29/2023","US","Gilmer"
"539","Rockpool4_E8","Gilmer","6/29/2023","US","Gilmer"
"540","Rockpool4_E9","Gilmer","6/29/2023","US","Gilmer"
"541","Rockpool4_F1","Gilmer","6/29/2023","US","Gilmer"
"542","Rockpool4_F10","Gilmer","6/29/2024","US","Gilmer"
"543","Rockpool4_F11","Gilmer","6/29/2024","US","Gilmer"
"544","Rockpool4_F12","Gilmer","6/29/2024","US","Gilmer"
"545","Rockpool4_F2","Gilmer","6/29/2023","US","Gilmer"
"546","Rockpool4_F3","Gilmer","6/29/2023","US","Gilmer"
"547","Rockpool4_F4","Gilmer","6/29/2024","US","Gilmer"
"548","Rockpool4_F5","Gilmer","6/29/2024","US","Gilmer"
"549","Rockpool4_F6","Gilmer","6/29/2024","US","Gilmer"
"550","Rockpool4_F7","Gilmer","6/29/2024","US","Gilmer"
"551","Rockpool4_F8","Gilmer","6/29/2024","US","Gilmer"
"552","Rockpool4_F9","Gilmer","6/29/2024","US","Gilmer"
"553","Rockpool4_G1","Gilmer","12/22/2023","US","Gilmer"
"554","Rockpool4_G10","Gilmer","12/22/2023","US","Gilmer"
"555","Rockpool4_G11","Gilmer","12/22/2023","US","Gilmer"
"556","Rockpool4_G12","Gilmer","12/22/2023","US","Gilmer"
"557","Rockpool4_G2","Gilmer","12/22/2023","US","Gilmer"
"558","Rockpool4_G3","Gilmer","12/22/2023","US","Gilmer"
"559","Rockpool4_G4","Gilmer","12/22/2023","US","Gilmer"
"560","Rockpool4_G5","Gilmer","12/22/2023","US","Gilmer"
"561","Rockpool4_G6","Gilmer","12/22/2023","US","Gilmer"
"562","Rockpool4_G7","Gilmer","12/22/2023","US","Gilmer"
"563","Rockpool4_G8","Gilmer","12/22/2023","US","Gilmer"
"564","Rockpool4_G9","Gilmer","12/22/2023","US","Gilmer"
"565","Rockpool4_H1","Gilmer","12/22/2023","US","Gilmer"
"566","Rockpool4_H10","Gilmer","12/22/2023","US","Gilmer"
"567","Rockpool4_H11","Gilmer","12/22/2023","US","Gilmer"
"568","Rockpool4_H12","Gilmer","12/22/2023","US","Gilmer"
"569","Rockpool4_H2","Gilmer","12/22/2023","US","Gilmer"
"570","Rockpool4_H3","Gilmer","12/22/2023","US","Gilmer"
"571","Rockpool4_H4","Gilmer","12/22/2023","US","Gilmer"
"572","Rockpool4_H5","Gilmer","12/22/2023","US","Gilmer"
"573","Rockpool4_H6","Gilmer","12/22/2023","US","Gilmer"
"574","Rockpool4_H7","Gilmer","12/22/2023","US","Gilmer"
"575","Rockpool4_H8","Gilmer","12/22/2023","US","Gilmer"
"576","Rockpool4_H9","Gilmer","12/22/2023","US","Gilmer"
